,Year,Jan,Feb,Mar,Apr,May,Jun,Jul,Aug,Sep,Oct,Nov,Dec,County
0,2007,17,22,34,17,34,42,28,51,35,30,35,17,Adams
1,2008,18,17,18,11,25,21,15,22,22,36,18,21,Adams
2,2009,9,15,16,24,35,39,32,37,35,47,24,31,Adams
3,2010,16,24,27,30,39,31,29,36,34,16,37,21,Adams
4,2011,20,15,20,25,20,37,28,48,38,40,19,21,Adams
5,2012,25,17,22,29,41,58,40,56,41,47,41,21,Adams
6,2013,29,25,25,25,40,41,41,66,40,49,33,25,Adams
7,2014,10,28,30,33,45,60,41,48,48,68,38,34,Adams
8,2015,20,23,28,43,42,57,65,59,61,58,20,44,Adams
9,2016,21,29,33,50,57,70,43,64,74,52,43,42,Adams
10,2017,26,18,21,39,42,69,54,61,82,61,50,30,Adams
11,2018,29,25,33,48,52,69,42,82,34,48,45,20,Adams
12,2019,21,20,29,52,67,51,75,70,58,68,51,47,Adams
13,2020,19,26,36,41,54,72,84,96,69,74,48,35,Adams
14,2021,26,41,42,49,59,62,74,68,71,67,49,55,Adams
15,2022,26,33,40,46,48,63,68,57,77,41,42,36,Adams
16,2023,17,25,33,33,47,63,43,71,66,44,53,36,Adams
17,2024,19,24,42,43,69,52,68,57,42,,,,Adams
0,2007,14,17,23,16,30,21,25,30,28,22,26,16,Juneau
1,2008,11,8,19,16,27,23,17,24,18,13,20,18,Juneau
2,2009,4,13,20,17,12,28,23,24,26,29,13,27,Juneau
3,2010,10,16,17,27,37,26,31,19,23,27,23,15,Juneau
4,2011,13,12,18,17,15,25,18,10,19,17,20,22,Juneau
5,2012,11,10,30,23,23,24,25,18,33,27,32,24,Juneau
6,2013,24,27,22,23,42,27,24,40,25,26,28,19,Juneau
7,2014,12,23,22,21,32,34,34,28,35,35,27,27,Juneau
8,2015,18,21,21,42,34,38,34,30,31,31,26,20,Juneau
9,2016,19,19,16,35,31,44,37,45,46,26,28,27,Juneau
10,2017,15,16,28,27,35,40,36,35,49,34,28,21,Juneau
11,2018,19,29,26,33,46,35,44,38,32,34,33,26,Juneau
12,2019,19,21,23,39,36,29,47,46,42,45,27,36,Juneau
13,2020,23,18,35,25,29,58,46,42,44,52,42,46,Juneau
14,2021,31,22,26,28,43,46,32,42,52,30,40,40,Juneau
15,2022,25,28,39,23,33,41,25,51,36,36,24,20,Juneau
16,2023,14,24,19,18,26,38,33,39,30,32,26,32,Juneau
17,2024,21,20,22,32,43,34,34,33,29,,,,Juneau
0,2007,71,98,95,121,150,168,132,168,113,112,98,74,Marathon
1,2008,60,59,74,102,118,151,126,123,103,109,49,67,Marathon
2,2009,46,57,87,82,113,106,101,120,104,109,112,63,Marathon
3,2010,44,54,108,117,126,132,76,94,83,87,71,78,Marathon
4,2011,68,56,70,93,94,112,103,97,109,96,94,69,Marathon
5,2012,68,60,96,122,128,138,126,114,81,106,125,88,Marathon
6,2013,69,79,110,115,142,160,153,166,135,101,90,106,Marathon
7,2014,67,74,116,90,157,158,148,149,107,153,96,94,Marathon
8,2015,69,71,112,156,175,187,171,163,149,169,105,113,Marathon
9,2016,97,82,127,150,151,235,172,143,168,125,111,126,Marathon
10,2017,80,74,129,168,144,247,175,178,177,157,125,129,Marathon
11,2018,96,103,140,141,159,204,203,194,165,185,162,107,Marathon
12,2019,81,93,112,144,180,174,196,202,168,179,125,142,Marathon
13,2020,89,84,98,129,154,182,228,218,186,212,163,146,Marathon
14,2021,110,102,124,152,151,214,185,183,171,193,174,138,Marathon
15,2022,82,86,91,125,123,193,164,182,148,144,133,95,Marathon
16,2023,57,60,80,68,118,148,130,157,163,132,110,87,Marathon
17,2024,79,60,92,111,127,142,137,151,124,,,,Marathon
0,2007,10,10,10,20,28,30,32,26,17,22,20,9,Marquette
1,2008,7,14,12,16,14,13,11,9,18,12,8,4,Marquette
2,2009,1,5,10,7,6,15,12,16,11,17,15,15,Marquette
3,2010,6,5,12,17,14,20,13,9,9,14,19,14,Marquette
4,2011,12,12,10,13,11,13,11,21,19,12,6,18,Marquette
5,2012,13,5,15,12,20,19,17,14,9,29,16,23,Marquette
6,2013,8,10,12,13,14,21,20,23,19,19,11,15,Marquette
7,2014,14,12,18,17,19,25,21,21,27,21,8,15,Marquette
8,2015,17,16,15,19,17,27,19,21,15,37,18,16,Marquette
9,2016,12,15,18,24,27,22,33,40,20,26,15,22,Marquette
10,2017,16,6,16,25,26,38,28,29,26,26,26,17,Marquette
11,2018,14,24,13,30,27,28,33,27,30,32,22,13,Marquette
12,2019,11,6,14,16,26,27,32,37,30,26,19,16,Marquette
13,2020,13,10,11,20,16,24,39,31,37,31,23,19,Marquette
14,2021,11,21,10,22,24,28,28,36,31,25,30,27,Marquette
15,2022,15,14,21,24,18,29,30,19,24,20,18,14,Marquette
16,2023,11,13,14,21,21,26,25,32,21,19,12,16,Marquette
17,2024,15,10,31,19,24,31,11,28,26,,,,Marquette
0,2007,36,41,53,63,65,86,92,75,49,50,37,33,Portage
1,2008,25,34,33,39,47,77,60,61,46,41,23,28,Portage
2,2009,22,20,27,48,52,50,57,50,65,62,52,19,Portage
3,2010,19,14,46,55,55,71,36,46,39,33,24,25,Portage
4,2011,16,27,29,37,49,46,47,57,33,43,31,31,Portage
5,2012,20,23,43,45,65,60,55,67,51,52,44,35,Portage
6,2013,32,27,39,48,82,67,66,63,59,53,44,39,Portage
7,2014,22,30,43,52,60,80,88,72,58,47,40,32,Portage
8,2015,46,33,43,63,82,84,89,92,66,73,33,55,Portage
9,2016,30,23,44,67,89,94,109,80,79,51,40,51,Portage
10,2017,39,22,65,57,80,102,66,93,66,63,57,48,Portage
11,2018,47,36,54,51,55,88,90,106,60,73,60,51,Portage
12,2019,41,33,48,49,68,77,104,110,73,74,53,51,Portage
13,2020,40,37,55,53,60,80,95,113,75,75,52,64,Portage
14,2021,43,34,57,58,57,104,77,89,82,89,62,91,Portage
15,2022,34,33,46,47,78,84,68,83,79,72,39,32,Portage
16,2023,24,33,35,34,54,93,59,83,69,65,51,42,Portage
17,2024,38,33,43,64,61,56,58,65,48,,,,Portage
0,2007,2,1,4,5,11,24,16,19,20,21,15,7,Waushara
1,2008,7,7,2,3,4,1,,5,2,3,4,3,Waushara
2,2009,,3,,2,1,1,6,5,5,5,1,3,Waushara
3,2010,1,,2,3,13,17,17,12,22,23,13,18,Waushara
4,2011,6,8,13,12,17,21,18,23,23,20,18,14,Waushara
5,2012,10,18,18,20,21,23,27,31,42,30,21,23,Waushara
6,2013,17,16,23,11,28,28,26,39,26,25,22,22,Waushara
7,2014,15,13,20,24,21,26,39,36,26,28,22,21,Waushara
8,2015,17,14,14,24,32,38,37,45,36,31,34,25,Waushara
9,2016,15,15,24,23,24,31,37,43,49,36,29,24,Waushara
10,2017,21,13,20,34,39,51,44,45,32,34,29,26,Waushara
11,2018,25,22,34,37,44,42,35,57,25,34,39,11,Waushara
12,2019,20,19,20,19,53,28,32,39,37,36,31,28,Waushara
13,2020,19,25,24,19,30,49,64,57,50,49,33,27,Waushara
14,2021,10,13,19,34,32,38,32,37,36,58,47,37,Waushara
15,2022,9,19,21,25,30,36,45,46,28,38,41,24,Waushara
16,2023,17,13,16,11,21,45,28,34,43,23,28,23,Waushara
17,2024,15,17,17,34,27,32,33,34,41,,,,Waushara
0,2007,35,30,74,71,68,82,72,96,52,56,42,38,Wood
1,2008,32,43,48,53,72,78,67,61,57,51,46,40,Wood
2,2009,28,21,62,55,62,77,72,77,58,73,62,41,Wood
3,2010,25,27,74,87,89,72,36,52,39,35,39,46,Wood
4,2011,35,25,45,45,50,77,46,48,64,54,32,50,Wood
5,2012,21,42,50,53,70,86,66,66,55,69,56,37,Wood
6,2013,30,40,53,59,72,74,81,79,67,52,58,61,Wood
7,2014,24,31,55,51,71,73,93,65,52,51,52,44,Wood
8,2015,34,45,80,86,85,94,110,80,76,77,66,59,Wood
9,2016,38,43,60,84,97,107,96,92,98,63,72,55,Wood
10,2017,55,45,83,88,91,139,94,97,84,78,77,76,Wood
11,2018,32,44,67,98,79,136,107,131,71,78,102,54,Wood
12,2019,37,39,45,75,89,107,103,105,70,89,68,67,Wood
13,2020,36,43,56,69,73,112,105,91,99,107,88,70,Wood
14,2021,67,51,51,98,82,110,122,111,100,121,110,86,Wood
15,2022,55,58,52,79,83,116,93,108,83,90,66,55,Wood
16,2023,53,46,74,65,90,85,78,84,75,88,100,50,Wood
17,2024,59,37,66,75,85,73,88,92,79,,,,Wood
0,2007,11,5,14,13,20,24,11,23,12,12,5,6,Ashland
1,2008,8,5,8,10,5,12,14,13,18,15,7,8,Ashland
2,2009,7,7,5,11,2,12,17,11,11,8,10,13,Ashland
3,2010,8,4,7,15,11,14,13,6,11,13,7,10,Ashland
4,2011,6,9,11,7,18,14,17,13,14,10,8,7,Ashland
5,2012,5,10,16,19,16,24,9,12,12,15,11,6,Ashland
6,2013,4,8,22,10,11,16,17,18,7,18,8,12,Ashland
7,2014,7,2,8,15,18,9,14,25,16,16,12,19,Ashland
8,2015,4,8,12,17,12,17,21,22,17,16,5,9,Ashland
9,2016,8,13,13,17,18,23,20,21,16,17,13,12,Ashland
10,2017,9,7,10,9,14,31,14,18,23,25,16,20,Ashland
11,2018,12,10,10,9,16,18,23,24,16,19,15,14,Ashland
12,2019,13,15,11,15,17,28,33,26,17,24,15,13,Ashland
13,2020,16,10,13,11,22,22,26,31,44,38,17,22,Ashland
14,2021,16,14,17,17,31,31,38,37,31,29,35,24,Ashland
15,2022,12,12,26,14,20,23,23,30,29,36,28,11,Ashland
16,2023,8,9,9,12,11,22,20,27,17,21,25,16,Ashland
17,2024,13,14,19,19,31,20,20,19,18,,,,Ashland
0,2007,13,9,9,10,12,16,29,29,17,18,17,16,Bayfield
1,2008,10,6,7,8,11,8,13,16,16,12,8,12,Bayfield
2,2009,2,3,8,6,9,13,15,18,17,19,8,9,Bayfield
3,2010,2,3,12,13,26,25,18,17,20,19,15,18,Bayfield
4,2011,13,9,11,7,19,20,18,20,23,15,19,17,Bayfield
5,2012,11,13,16,13,23,28,24,25,22,30,29,20,Bayfield
6,2013,5,10,12,8,30,15,19,23,14,30,19,10,Bayfield
7,2014,11,6,12,15,26,33,31,31,29,36,17,16,Bayfield
8,2015,11,17,14,20,26,41,27,26,38,42,16,18,Bayfield
9,2016,12,10,20,31,17,47,36,24,60,46,29,28,Bayfield
10,2017,17,14,23,25,31,43,32,42,42,39,24,16,Bayfield
11,2018,20,7,23,27,34,35,41,36,39,37,24,23,Bayfield
12,2019,15,20,18,29,41,40,51,28,40,34,31,18,Bayfield
13,2020,9,14,17,20,31,46,54,56,44,50,43,27,Bayfield
14,2021,16,24,30,31,42,35,47,32,33,33,37,22,Bayfield
15,2022,11,21,12,23,23,20,24,37,39,25,15,18,Bayfield
16,2023,5,9,9,9,14,23,18,34,26,22,17,18,Bayfield
17,2024,19,11,14,14,24,40,19,19,32,,,,Bayfield
0,2007,13,14,15,15,26,36,23,28,17,17,14,13,Burnett
1,2008,11,13,13,10,30,28,20,27,17,21,14,13,Burnett
2,2009,7,7,11,12,29,18,25,22,23,26,17,7,Burnett
3,2010,9,10,11,47,27,33,20,33,33,39,15,32,Burnett
4,2011,22,16,28,35,60,44,49,49,51,32,50,27,Burnett
5,2012,28,31,32,28,49,56,48,73,65,42,44,45,Burnett
6,2013,33,19,32,46,54,43,34,68,65,57,36,38,Burnett
7,2014,26,28,32,38,67,65,59,75,51,62,59,26,Burnett
8,2015,38,22,38,30,70,53,82,67,82,70,52,49,Burnett
9,2016,16,23,25,52,66,86,62,61,67,62,46,69,Burnett
10,2017,33,28,43,39,72,92,62,73,95,64,56,62,Burnett
11,2018,29,29,45,54,84,93,77,88,48,80,53,39,Burnett
12,2019,30,29,37,30,76,73,78,81,68,75,67,44,Burnett
13,2020,19,23,31,23,68,73,70,101,68,101,55,48,Burnett
14,2021,27,24,46,45,38,70,63,54,78,54,46,41,Burnett
15,2022,27,32,19,23,63,73,42,54,58,41,39,25,Burnett
16,2023,11,14,24,19,31,52,55,59,50,45,33,13,Burnett
17,2024,8,25,26,32,41,33,36,41,38,,,,Burnett
0,2007,24,30,27,41,52,45,46,64,32,31,26,26,Douglas
1,2008,13,32,39,32,51,46,47,44,39,27,21,24,Douglas
2,2009,15,19,29,38,37,33,39,37,35,32,43,27,Douglas
3,2010,18,18,32,47,47,51,40,38,35,42,17,30,Douglas
4,2011,19,24,20,42,39,47,43,38,26,41,38,28,Douglas
5,2012,15,19,44,38,41,40,40,55,35,40,21,34,Douglas
6,2013,22,19,38,30,49,50,61,56,52,37,26,29,Douglas
7,2014,25,19,28,30,40,54,53,68,40,64,34,24,Douglas
8,2015,27,21,30,37,53,62,66,64,56,49,42,42,Douglas
9,2016,23,28,33,32,62,65,49,65,75,66,34,36,Douglas
10,2017,30,33,28,47,73,85,71,55,58,54,62,54,Douglas
11,2018,38,21,43,30,50,84,67,70,60,72,51,27,Douglas
12,2019,31,27,34,50,77,63,75,100,67,56,39,45,Douglas
13,2020,20,29,35,32,62,80,88,70,59,83,66,50,Douglas
14,2021,26,35,32,34,48,74,66,101,69,66,61,45,Douglas
15,2022,30,25,35,37,57,65,59,73,72,53,45,38,Douglas
16,2023,15,16,30,35,50,63,56,68,57,43,42,50,Douglas
17,2024,32,23,41,29,37,60,54,61,55,,,,Douglas
0,2007,1,,,1,1,2,,,1,,,1,Florence
1,2008,,,,,1,,,3,,,2,,Florence
2,2009,,,,1,1,,4,2,1,2,,,Florence
3,2010,,,,,2,1,,,2,1,1,,Florence
4,2011,1,,2,,,1,1,1,2,,,3,Florence
5,2012,,,,,3,,,,,,1,2,Florence
6,2013,,,2,,1,,1,1,3,2,,1,Florence
7,2014,1,1,3,2,,3,,3,,,1,,Florence
8,2015,1,,,5,,1,,1,3,2,,2,Florence
9,2016,2,,,1,3,1,,3,1,,,1,Florence
10,2017,,,1,,1,2,1,2,2,2,1,1,Florence
11,2018,,,,,4,,,2,1,1,1,3,Florence
12,2019,,,,1,3,1,1,1,4,3,3,2,Florence
13,2020,1,,1,,2,,6,7,,5,6,1,Florence
14,2021,,2,2,,1,3,5,4,2,1,,2,Florence
15,2022,2,3,2,1,,4,1,2,6,,2,4,Florence
16,2023,1,,,,4,2,1,3,2,2,3,,Florence
17,2024,,,2,2,2,,6,1,1,,,,Florence
0,2007,4,4,4,5,12,8,9,4,6,7,5,3,Forest
1,2008,6,5,1,5,9,6,10,6,6,9,4,2,Forest
2,2009,2,3,1,4,5,3,3,6,2,13,5,4,Forest
3,2010,2,,6,10,6,8,6,7,4,8,6,5,Forest
4,2011,4,6,4,6,10,9,6,4,8,5,9,7,Forest
5,2012,,8,2,8,11,6,5,10,6,7,9,8,Forest
6,2013,4,6,4,5,9,7,9,6,8,5,8,5,Forest
7,2014,2,3,8,5,10,8,11,15,7,15,6,6,Forest
8,2015,3,6,7,6,6,8,13,18,10,22,2,11,Forest
9,2016,1,2,8,7,12,16,14,21,19,15,7,11,Forest
10,2017,3,5,6,7,20,17,17,11,11,17,10,8,Forest
11,2018,6,2,4,11,17,17,20,18,15,22,14,5,Forest
12,2019,7,7,8,5,13,8,15,11,13,26,9,4,Forest
13,2020,9,10,9,9,14,21,24,14,22,17,12,21,Forest
14,2021,18,10,19,17,11,21,18,13,13,28,9,8,Forest
15,2022,9,8,8,9,8,14,18,33,23,13,16,5,Forest
16,2023,5,6,9,7,10,13,11,17,19,20,22,13,Forest
17,2024,8,13,6,15,21,10,4,25,10,,,,Forest
0,2007,1,3,5,3,2,11,7,6,9,6,7,4,Iron
1,2008,3,1,,4,5,3,9,6,5,7,,4,Iron
2,2009,1,8,2,2,4,5,6,4,4,7,8,2,Iron
3,2010,4,1,2,2,2,1,4,6,10,2,9,1,Iron
4,2011,4,5,5,4,2,3,3,10,7,6,4,3,Iron
5,2012,4,3,1,4,4,8,1,5,5,8,7,4,Iron
6,2013,4,4,7,6,3,6,5,2,10,11,7,5,Iron
7,2014,5,4,4,4,7,7,6,7,4,5,6,6,Iron
8,2015,3,5,6,4,6,14,8,12,10,11,7,12,Iron
9,2016,4,5,7,3,14,9,6,13,11,6,9,8,Iron
10,2017,5,5,6,9,7,7,2,10,9,4,4,9,Iron
11,2018,6,4,5,5,9,8,9,7,7,12,5,3,Iron
12,2019,2,7,5,9,2,11,11,11,4,6,5,1,Iron
13,2020,8,4,9,5,10,13,11,13,21,20,16,17,Iron
14,2021,8,10,10,15,10,12,15,16,18,14,15,11,Iron
15,2022,11,6,7,7,6,12,13,11,10,14,4,8,Iron
16,2023,6,4,9,5,13,4,14,13,15,13,6,8,Iron
17,2024,9,5,5,7,11,7,13,11,8,,,,Iron
0,2007,15,11,30,19,22,22,37,29,20,18,22,8,Langlade
1,2008,10,10,3,16,19,19,26,27,18,25,17,7,Langlade
2,2009,5,6,4,13,7,20,17,16,22,28,25,15,Langlade
3,2010,6,13,13,19,19,22,15,6,22,28,10,10,Langlade
4,2011,8,16,20,23,8,29,26,10,17,23,4,5,Langlade
5,2012,19,7,13,26,21,26,25,27,24,38,26,23,Langlade
6,2013,28,17,17,22,20,36,21,33,21,25,34,22,Langlade
7,2014,13,10,17,23,28,35,29,33,31,37,21,19,Langlade
8,2015,18,17,29,21,37,39,30,34,37,28,22,17,Langlade
9,2016,27,18,34,28,26,57,28,33,27,37,28,25,Langlade
10,2017,23,9,26,32,31,53,34,40,47,33,31,20,Langlade
11,2018,26,27,30,17,34,34,33,33,36,30,17,21,Langlade
12,2019,15,7,10,23,39,28,44,44,26,33,41,36,Langlade
13,2020,17,19,26,17,28,46,42,61,54,56,47,33,Langlade
14,2021,17,31,38,43,40,59,47,54,52,48,32,23,Langlade
15,2022,21,22,28,31,28,39,38,55,45,31,25,18,Langlade
16,2023,18,16,21,20,29,29,20,36,32,32,25,22,Langlade
17,2024,10,22,12,32,33,36,24,39,35,,,,Langlade
0,2007,15,18,26,32,36,43,24,28,26,16,33,11,Lincoln
1,2008,11,8,29,14,33,24,25,21,23,29,14,16,Lincoln
2,2009,8,8,13,13,20,17,35,24,21,31,15,22,Lincoln
3,2010,9,11,25,27,36,30,26,24,18,22,16,14,Lincoln
4,2011,11,13,19,21,24,35,28,36,21,23,20,6,Lincoln
5,2012,15,17,29,28,26,26,32,30,28,35,17,28,Lincoln
6,2013,27,14,21,30,28,34,25,26,28,26,22,24,Lincoln
7,2014,12,17,25,30,18,22,33,47,42,34,29,30,Lincoln
8,2015,17,14,26,29,48,56,35,49,49,30,37,37,Lincoln
9,2016,29,28,22,35,44,53,46,42,51,36,42,39,Lincoln
10,2017,22,23,31,34,49,44,65,40,50,40,44,30,Lincoln
11,2018,33,30,32,55,48,53,55,69,63,48,35,23,Lincoln
12,2019,20,20,33,35,59,37,46,65,53,38,52,41,Lincoln
13,2020,22,23,38,34,39,74,59,82,55,48,37,50,Lincoln
14,2021,37,28,31,51,43,46,53,49,35,59,39,51,Lincoln
15,2022,26,24,25,43,51,68,36,59,46,48,29,28,Lincoln
16,2023,33,20,13,16,29,49,39,60,60,38,39,47,Lincoln
17,2024,17,22,37,38,35,47,55,35,40,,,,Lincoln
0,2007,28,30,38,34,61,59,63,73,60,59,43,23,Oneida
1,2008,22,18,34,30,53,56,44,59,53,42,25,35,Oneida
2,2009,20,17,21,26,45,48,40,46,45,70,40,36,Oneida
3,2010,22,27,29,47,48,68,57,60,64,39,36,28,Oneida
4,2011,20,31,23,33,44,47,45,52,57,38,45,46,Oneida
5,2012,16,26,44,37,52,71,64,76,47,66,60,61,Oneida
6,2013,28,26,41,51,66,56,84,81,83,69,66,56,Oneida
7,2014,36,27,43,36,51,67,62,59,78,87,42,43,Oneida
8,2015,29,22,42,49,71,85,76,72,81,91,55,44,Oneida
9,2016,39,32,46,49,74,81,79,88,92,82,86,56,Oneida
10,2017,41,34,46,48,81,79,85,67,91,96,59,71,Oneida
11,2018,56,47,44,70,63,94,86,142,109,81,80,57,Oneida
12,2019,41,30,39,68,104,79,102,93,86,88,60,75,Oneida
13,2020,44,44,47,40,71,110,122,131,111,139,79,90,Oneida
14,2021,77,44,62,70,82,89,87,92,95,106,74,68,Oneida
15,2022,51,45,41,46,54,87,65,92,97,67,59,50,Oneida
16,2023,34,27,38,29,49,42,61,80,75,82,55,44,Oneida
17,2024,26,32,32,59,63,48,67,83,62,,,,Oneida
0,2007,24,22,37,37,54,68,45,64,36,41,36,24,Polk
1,2008,14,18,22,21,32,52,44,36,38,48,24,26,Polk
2,2009,17,22,31,28,48,48,49,47,45,41,46,27,Polk
3,2010,25,23,50,52,54,60,43,67,38,54,46,37,Polk
4,2011,40,31,43,36,56,62,62,58,76,50,50,44,Polk
5,2012,27,45,76,61,50,85,58,115,77,81,85,61,Polk
6,2013,50,50,60,67,92,77,74,103,86,86,94,65,Polk
7,2014,58,46,57,44,88,81,109,88,93,115,84,54,Polk
8,2015,37,33,58,44,101,108,88,96,79,73,55,44,Polk
9,2016,49,43,46,62,73,102,80,111,86,88,74,71,Polk
10,2017,50,31,61,72,99,125,75,105,94,77,68,55,Polk
11,2018,25,33,35,49,74,103,90,121,93,97,73,34,Polk
12,2019,29,38,44,50,98,91,75,104,90,88,89,49,Polk
13,2020,34,41,41,50,59,109,89,91,92,112,87,66,Polk
14,2021,40,31,55,58,62,96,99,98,97,99,63,76,Polk
15,2022,40,48,42,62,80,88,82,95,78,63,49,47,Polk
16,2023,18,11,42,32,58,62,71,79,67,48,41,41,Polk
17,2024,31,24,27,37,34,60,56,64,54,,,,Polk
0,2007,5,5,16,12,21,9,23,17,16,18,11,13,Price
1,2008,6,7,8,9,5,7,18,10,18,18,6,6,Price
2,2009,5,4,9,2,6,15,14,16,8,10,16,7,Price
3,2010,2,6,11,9,17,13,5,24,18,12,14,18,Price
4,2011,6,9,13,11,15,14,25,13,18,17,7,18,Price
5,2012,10,3,5,13,8,15,21,25,14,13,23,8,Price
6,2013,9,8,8,19,27,23,19,18,36,17,25,13,Price
7,2014,20,18,11,14,14,28,21,28,31,22,24,12,Price
8,2015,9,4,10,26,32,23,34,23,22,19,25,21,Price
9,2016,8,21,9,15,20,24,23,38,28,26,41,29,Price
10,2017,11,20,30,21,34,34,30,25,27,25,20,27,Price
11,2018,11,11,23,17,26,38,34,30,18,36,23,21,Price
12,2019,11,7,22,19,23,33,31,26,26,37,34,24,Price
13,2020,16,14,18,13,33,45,45,43,54,71,30,49,Price
14,2021,24,44,34,35,48,59,58,43,47,56,30,34,Price
15,2022,23,22,18,42,38,40,47,34,35,27,30,18,Price
16,2023,6,15,26,23,22,34,30,39,43,41,23,20,Price
17,2024,24,22,16,30,23,25,30,34,26,,,,Price
0,2007,2,,,2,6,2,4,,,2,2,2,Rusk
1,2008,,3,,2,2,1,2,5,3,3,1,1,Rusk
2,2009,1,5,3,4,,3,2,2,3,4,4,3,Rusk
3,2010,2,1,4,4,11,19,9,9,10,12,10,8,Rusk
4,2011,8,5,5,6,5,16,16,15,5,11,6,11,Rusk
5,2012,7,9,10,10,7,15,8,21,15,13,14,14,Rusk
6,2013,10,7,11,13,18,16,11,15,10,12,11,12,Rusk
7,2014,4,3,7,10,14,17,20,18,18,21,18,8,Rusk
8,2015,4,11,10,15,20,18,18,12,25,20,18,16,Rusk
9,2016,13,5,6,18,12,20,19,13,19,18,13,12,Rusk
10,2017,10,7,9,20,17,24,18,29,19,13,18,15,Rusk
11,2018,2,5,14,17,21,14,24,22,13,20,17,18,Rusk
12,2019,7,15,11,12,16,19,21,30,22,21,18,13,Rusk
13,2020,9,8,14,5,20,19,42,23,43,19,23,19,Rusk
14,2021,18,8,9,13,14,22,28,24,21,33,22,19,Rusk
15,2022,9,4,10,17,14,21,28,29,30,22,17,5,Rusk
16,2023,12,3,12,12,9,16,19,16,19,28,16,15,Rusk
17,2024,7,8,11,16,18,19,26,13,15,,,,Rusk
0,2007,3,13,10,11,15,13,17,13,26,19,13,9,Sawyer
1,2008,5,4,8,12,12,12,7,21,17,17,6,5,Sawyer
2,2009,6,3,5,5,8,10,8,4,10,11,12,7,Sawyer
3,2010,3,6,9,12,20,22,21,23,25,18,10,14,Sawyer
4,2011,6,8,16,21,20,21,33,21,26,25,20,21,Sawyer
5,2012,14,7,20,14,31,36,26,41,33,36,32,23,Sawyer
6,2013,11,15,21,27,27,28,56,51,38,31,34,23,Sawyer
7,2014,21,11,12,14,44,23,40,48,49,52,31,23,Sawyer
8,2015,13,16,23,34,46,56,48,59,59,56,39,35,Sawyer
9,2016,33,20,19,33,56,54,45,52,72,54,49,37,Sawyer
10,2017,30,20,36,37,55,67,45,63,87,60,61,43,Sawyer
11,2018,27,25,36,31,51,70,58,78,58,66,48,26,Sawyer
12,2019,27,23,23,39,70,63,59,63,64,47,51,36,Sawyer
13,2020,33,16,25,28,31,76,87,85,97,81,61,41,Sawyer
14,2021,36,15,23,38,39,65,51,49,57,63,46,39,Sawyer
15,2022,42,21,23,28,33,38,42,59,48,35,36,35,Sawyer
16,2023,9,16,11,19,33,46,39,48,39,50,35,26,Sawyer
17,2024,8,14,34,25,43,40,35,37,34,,,,Sawyer
0,2007,4,8,10,7,7,8,8,8,5,11,10,6,Taylor
1,2008,6,5,8,12,6,11,10,10,9,5,9,3,Taylor
2,2009,4,2,8,10,15,10,8,15,12,7,8,3,Taylor
3,2010,2,7,7,18,9,11,6,4,18,4,9,7,Taylor
4,2011,4,7,9,10,10,12,14,5,10,13,9,8,Taylor
5,2012,7,11,10,12,9,12,15,11,9,7,10,8,Taylor
6,2013,8,7,5,9,17,13,14,15,12,10,13,7,Taylor
7,2014,3,3,8,9,11,6,22,15,11,11,9,4,Taylor
8,2015,5,5,7,12,9,16,15,10,14,8,5,11,Taylor
9,2016,1,5,8,13,11,24,12,11,17,17,14,14,Taylor
10,2017,3,5,7,16,24,23,24,19,18,17,15,13,Taylor
11,2018,4,7,19,17,27,26,29,21,12,24,15,17,Taylor
12,2019,8,11,13,16,29,23,23,26,22,20,22,12,Taylor
13,2020,11,8,23,15,20,22,21,24,32,20,19,24,Taylor
14,2021,9,12,11,22,18,26,21,21,20,15,31,17,Taylor
15,2022,19,7,14,16,18,26,21,16,16,25,12,20,Taylor
16,2023,10,7,17,14,22,30,16,20,14,16,17,14,Taylor
17,2024,12,9,19,16,16,19,20,23,10,,,,Taylor
0,2007,24,20,23,30,46,52,63,63,44,51,25,25,Vilas
1,2008,13,13,16,17,33,31,25,33,32,38,23,19,Vilas
2,2009,16,7,14,18,25,33,37,26,30,44,28,33,Vilas
3,2010,11,12,24,38,30,44,29,43,37,39,33,29,Vilas
4,2011,21,19,24,24,30,32,41,47,39,46,43,35,Vilas
5,2012,23,31,29,39,45,44,42,47,50,54,35,33,Vilas
6,2013,27,28,27,32,52,40,48,74,54,49,41,37,Vilas
7,2014,14,17,17,26,39,42,50,54,46,58,33,27,Vilas
8,2015,30,22,20,27,42,37,77,65,63,64,43,35,Vilas
9,2016,33,23,35,36,59,44,51,68,70,67,56,46,Vilas
10,2017,25,27,35,31,51,56,71,79,60,64,58,38,Vilas
11,2018,33,26,47,34,55,71,79,92,63,84,61,42,Vilas
12,2019,23,30,32,29,55,63,83,72,74,76,70,56,Vilas
13,2020,31,25,39,32,55,81,92,119,104,134,88,86,Vilas
14,2021,43,38,45,60,53,89,76,73,84,79,55,68,Vilas
15,2022,26,42,41,38,64,54,54,74,71,75,43,36,Vilas
16,2023,22,28,25,23,35,57,55,56,82,59,46,26,Vilas
17,2024,33,24,25,37,44,50,46,75,52,,,,Vilas
0,2007,4,8,2,10,24,18,12,18,15,8,13,5,Washburn
1,2008,6,4,6,7,15,14,18,16,18,11,9,7,Washburn
2,2009,4,2,8,7,12,17,10,20,20,11,17,8,Washburn
3,2010,3,4,11,27,39,39,14,30,37,28,23,33,Washburn
4,2011,17,16,27,30,41,27,32,26,47,38,46,19,Washburn
5,2012,17,13,21,30,38,29,36,42,37,54,33,19,Washburn
6,2013,21,20,38,31,45,32,36,58,57,43,29,13,Washburn
7,2014,16,9,25,13,47,22,46,50,52,51,28,18,Washburn
8,2015,20,15,25,29,41,58,37,27,41,29,23,30,Washburn
9,2016,14,26,16,31,36,37,35,38,34,39,23,30,Washburn
10,2017,12,16,26,33,41,57,48,53,49,32,40,30,Washburn
11,2018,19,18,24,22,39,65,63,51,44,47,37,30,Washburn
12,2019,26,22,22,36,43,62,65,57,54,53,40,46,Washburn
13,2020,21,12,27,33,49,58,84,68,61,56,46,32,Washburn
14,2021,20,26,25,32,42,47,34,63,57,40,36,40,Washburn
15,2022,14,14,22,16,40,28,49,37,38,36,30,16,Washburn
16,2023,11,9,16,13,30,32,31,52,30,37,18,15,Washburn
17,2024,11,17,24,22,35,36,23,39,33,,,,Washburn
0,2007,5,11,8,58,225,275,136,178,188,144,131,132,Brown
1,2008,69,58,12,8,17,15,17,18,9,9,12,9,Brown
2,2009,9,12,19,24,31,29,34,34,33,48,38,20,Brown
3,2010,18,18,27,44,109,128,102,121,127,138,115,116,Brown
4,2011,102,113,138,210,208,220,238,179,184,227,177,175,Brown
5,2012,101,136,265,214,288,347,253,250,269,184,198,223,Brown
6,2013,149,161,257,266,299,390,258,357,215,257,219,155,Brown
7,2014,121,154,216,243,339,312,326,391,223,263,231,197,Brown
8,2015,143,151,216,300,394,375,398,393,301,366,149,269,Brown
9,2016,185,154,243,393,365,419,420,310,326,318,227,278,Brown
10,2017,167,164,293,326,346,398,396,360,287,317,282,257,Brown
11,2018,161,177,287,288,311,422,332,424,320,313,275,213,Brown
12,2019,156,170,254,266,369,386,383,375,306,318,299,246,Brown
13,2020,185,193,259,269,285,372,403,387,371,426,325,296,Brown
14,2021,206,186,248,311,300,415,367,337,335,371,334,261,Brown
15,2022,202,159,229,287,331,381,317,354,285,230,252,208,Brown
16,2023,137,149,181,194,270,302,277,281,283,245,238,216,Brown
17,2024,157,133,196,257,268,287,302,275,243,,,,Brown
0,2007,30,34,22,49,54,53,53,51,54,56,42,29,Door
1,2008,19,19,20,25,42,34,48,45,47,55,20,26,Door
2,2009,11,18,17,13,28,42,45,36,55,47,35,29,Door
3,2010,12,17,17,22,37,45,34,56,32,52,45,37,Door
4,2011,22,16,26,40,39,39,44,52,39,40,34,34,Door
5,2012,20,24,26,37,39,54,41,52,49,51,60,45,Door
6,2013,25,15,29,34,50,39,53,64,50,49,48,38,Door
7,2014,23,35,16,31,49,44,43,56,49,56,34,36,Door
8,2015,52,51,55,90,107,137,135,150,156,163,93,106,Door
9,2016,54,51,65,93,87,150,126,147,165,111,141,137,Door
10,2017,68,69,76,56,78,119,98,118,130,132,77,90,Door
11,2018,42,35,42,76,61,74,88,100,79,80,58,48,Door
12,2019,38,39,40,46,54,89,94,93,94,82,59,45,Door
13,2020,46,31,41,32,46,52,102,102,120,125,89,65,Door
14,2021,42,35,56,65,83,84,81,97,93,82,87,68,Door
15,2022,29,39,38,62,69,70,71,74,82,79,72,49,Door
16,2023,24,31,33,42,53,78,50,76,79,80,53,43,Door
17,2024,33,29,42,54,68,58,73,87,92,,,,Door
0,2007,16,25,20,53,82,117,88,89,96,70,64,79,Fond du Lac
1,2008,50,50,26,38,31,51,34,42,45,28,24,24,Fond du Lac
2,2009,8,4,10,8,18,14,22,17,15,24,22,13,Fond du Lac
3,2010,7,10,17,20,34,48,43,47,50,41,54,44,Fond du Lac
4,2011,28,38,65,68,70,80,100,60,67,64,64,60,Fond du Lac
5,2012,40,54,100,67,93,124,70,94,81,82,94,73,Fond du Lac
6,2013,56,58,91,66,116,148,106,144,87,91,90,79,Fond du Lac
7,2014,68,64,85,76,153,92,94,132,93,120,107,75,Fond du Lac
8,2015,60,66,88,89,121,130,170,130,132,148,71,104,Fond du Lac
9,2016,71,55,86,130,133,149,177,117,149,147,114,121,Fond du Lac
10,2017,75,63,90,116,189,182,146,161,151,125,122,88,Fond du Lac
11,2018,80,72,123,117,142,173,179,156,118,127,86,84,Fond du Lac
12,2019,72,69,96,117,167,138,135,133,156,133,112,93,Fond du Lac
13,2020,91,71,118,82,79,161,168,138,157,147,134,111,Fond du Lac
14,2021,97,58,108,108,118,143,163,126,146,136,154,132,Fond du Lac
15,2022,78,69,104,110,122,120,117,139,140,102,92,103,Fond du Lac
16,2023,60,46,68,71,77,97,96,114,90,107,91,85,Fond du Lac
17,2024,55,57,73,88,115,130,98,108,109,,,,Fond du Lac
0,2007,4,2,1,2,4,10,5,7,7,4,3,7,Green Lake
1,2008,3,2,3,3,4,3,1,1,,2,2,2,Green Lake
2,2009,1,3,1,2,4,5,,2,3,3,7,3,Green Lake
3,2010,2,6,6,1,4,9,3,13,11,10,11,6,Green Lake
4,2011,5,8,9,8,11,9,6,8,12,13,10,11,Green Lake
5,2012,9,12,15,12,22,26,20,10,13,26,12,15,Green Lake
6,2013,6,15,25,18,31,21,26,24,21,18,19,17,Green Lake
7,2014,10,9,13,22,14,10,27,25,26,25,17,22,Green Lake
8,2015,13,9,15,20,30,28,27,26,33,34,16,17,Green Lake
9,2016,12,13,14,16,19,22,35,31,23,26,35,19,Green Lake
10,2017,12,18,29,22,45,40,26,40,47,39,25,26,Green Lake
11,2018,24,18,16,27,41,33,33,43,24,27,34,27,Green Lake
12,2019,15,25,18,15,31,22,22,30,24,33,29,17,Green Lake
13,2020,11,9,17,23,25,35,47,40,33,27,26,31,Green Lake
14,2021,10,24,26,24,23,25,34,32,36,37,26,21,Green Lake
15,2022,17,17,19,22,28,34,27,33,25,33,21,18,Green Lake
16,2023,8,13,12,20,25,26,20,24,39,23,21,14,Green Lake
17,2024,16,18,20,25,36,24,24,28,17,,,,Green Lake
0,2007,3,4,7,5,10,21,14,11,10,8,10,6,Kewaunee
1,2008,4,9,5,5,8,12,4,10,12,5,3,2,Kewaunee
2,2009,2,2,4,6,7,4,13,7,6,14,9,4,Kewaunee
3,2010,5,2,4,11,4,19,10,10,8,15,11,9,Kewaunee
4,2011,4,3,10,20,12,12,9,9,5,4,19,13,Kewaunee
5,2012,8,8,24,12,19,20,20,22,19,19,11,19,Kewaunee
6,2013,4,12,17,12,20,24,18,29,14,10,19,10,Kewaunee
7,2014,8,10,11,12,14,17,20,35,14,9,8,6,Kewaunee
8,2015,29,23,29,38,23,25,35,35,38,42,23,36,Kewaunee
9,2016,6,20,22,30,21,52,39,24,32,32,30,41,Kewaunee
10,2017,21,17,25,21,16,27,30,32,26,21,14,24,Kewaunee
11,2018,12,4,15,14,23,27,16,31,22,16,22,23,Kewaunee
12,2019,33,13,14,21,19,25,25,28,31,38,29,22,Kewaunee
13,2020,14,13,16,21,37,25,35,25,23,31,20,34,Kewaunee
14,2021,16,17,18,16,21,27,28,36,26,26,46,18,Kewaunee
15,2022,26,12,11,18,23,26,23,28,26,16,34,20,Kewaunee
16,2023,12,7,14,17,21,27,21,15,15,22,26,14,Kewaunee
17,2024,8,7,11,24,28,15,23,18,12,,,,Kewaunee
0,2007,55,80,78,83,79,104,79,103,86,78,74,56,Manitowoc
1,2008,36,56,48,66,85,84,52,57,55,73,54,39,Manitowoc
2,2009,25,40,36,45,50,76,60,70,62,71,56,36,Manitowoc
3,2010,24,40,40,77,79,61,50,44,45,60,40,51,Manitowoc
4,2011,31,39,39,47,61,61,58,56,57,73,50,67,Manitowoc
5,2012,27,42,56,55,72,75,74,79,63,68,68,47,Manitowoc
6,2013,40,45,72,72,84,91,78,73,79,71,72,55,Manitowoc
7,2014,49,35,58,66,93,97,86,96,77,69,63,72,Manitowoc
8,2015,47,62,69,87,88,100,102,94,79,99,67,73,Manitowoc
9,2016,63,56,71,91,80,102,93,102,107,102,99,75,Manitowoc
10,2017,43,56,81,75,122,129,121,116,121,109,99,79,Manitowoc
11,2018,76,53,68,95,101,110,98,131,93,95,83,59,Manitowoc
12,2019,60,51,83,92,111,104,88,128,90,95,79,74,Manitowoc
13,2020,61,56,64,75,83,127,125,127,111,119,105,100,Manitowoc
14,2021,57,56,72,97,79,130,128,129,112,124,99,94,Manitowoc
15,2022,76,61,73,76,103,113,98,123,115,97,80,82,Manitowoc
16,2023,50,47,58,57,75,95,69,76,72,79,88,78,Manitowoc
17,2024,56,38,73,61,98,83,89,89,80,,,,Manitowoc
0,2007,25,30,32,35,53,63,63,52,51,22,26,24,Marinette
1,2008,15,21,28,20,23,35,34,34,34,31,26,11,Marinette
2,2009,6,17,14,15,14,18,18,20,22,24,19,14,Marinette
3,2010,7,8,19,27,32,37,21,33,23,38,26,30,Marinette
4,2011,16,25,38,38,20,40,31,32,44,34,42,28,Marinette
5,2012,28,16,36,24,34,54,43,54,42,43,38,40,Marinette
6,2013,12,15,30,22,42,45,42,47,45,45,32,28,Marinette
7,2014,27,18,17,45,46,60,50,58,36,59,32,30,Marinette
8,2015,30,29,28,43,63,71,65,58,54,61,29,44,Marinette
9,2016,29,27,35,35,58,58,53,53,43,62,50,46,Marinette
10,2017,36,24,54,51,50,91,59,74,66,62,62,39,Marinette
11,2018,28,23,55,54,69,89,83,98,74,74,50,61,Marinette
12,2019,36,30,48,31,49,66,90,76,60,74,59,35,Marinette
13,2020,30,34,40,42,52,77,90,86,79,89,61,64,Marinette
14,2021,25,47,46,67,66,79,89,60,99,79,74,84,Marinette
15,2022,41,35,35,49,61,75,58,71,82,57,49,46,Marinette
16,2023,31,26,45,36,58,66,62,41,49,55,53,36,Marinette
17,2024,26,22,36,45,55,52,46,63,57,,,,Marinette
0,2007,,,,1,5,2,1,3,,1,,2,Menominee
1,2008,,1,,,2,2,1,,,,,,Menominee
2,2009,,,,1,1,1,,,,3,,1,Menominee
3,2010,,1,,,1,1,,1,,,,1,Menominee
4,2011,2,,,1,1,,3,1,2,4,3,2,Menominee
5,2012,,1,3,2,4,5,3,9,5,2,2,3,Menominee
6,2013,,,1,,4,2,2,1,1,2,1,1,Menominee
7,2014,,1,,3,1,5,2,5,6,4,2,3,Menominee
8,2015,2,2,4,,4,4,2,5,3,5,,2,Menominee
9,2016,2,1,,2,5,2,6,6,4,6,5,4,Menominee
10,2017,3,2,3,2,6,5,4,11,4,5,1,,Menominee
11,2018,2,2,,4,4,4,6,7,2,6,4,3,Menominee
12,2019,,1,2,1,5,4,4,4,5,2,4,1,Menominee
13,2020,,,6,2,1,4,8,2,2,4,2,1,Menominee
14,2021,,1,3,3,2,2,3,2,3,3,2,2,Menominee
15,2022,,,3,1,2,4,2,4,4,6,3,2,Menominee
16,2023,1,1,2,3,3,3,,7,3,4,6,2,Menominee
17,2024,,,3,5,2,2,6,2,2,,,,Menominee
0,2007,4,1,3,17,23,37,33,28,33,21,10,21,Oconto
1,2008,7,15,3,4,7,10,6,14,11,11,4,7,Oconto
2,2009,2,4,1,10,11,14,10,11,12,5,5,6,Oconto
3,2010,6,,6,15,13,29,17,20,29,25,23,27,Oconto
4,2011,23,20,40,30,17,40,35,52,39,54,23,43,Oconto
5,2012,17,22,42,39,43,60,34,47,52,39,38,26,Oconto
6,2013,22,33,51,46,47,80,53,68,42,54,43,29,Oconto
7,2014,28,19,34,33,65,57,51,62,44,77,38,36,Oconto
8,2015,27,20,35,41,63,55,42,63,60,54,45,38,Oconto
9,2016,38,28,36,44,54,77,63,60,68,52,48,48,Oconto
10,2017,22,30,44,44,72,63,79,70,68,70,52,39,Oconto
11,2018,28,25,45,48,65,78,54,102,57,47,60,35,Oconto
12,2019,33,22,31,26,67,70,44,76,67,74,38,41,Oconto
13,2020,21,32,33,49,72,80,77,89,85,72,54,52,Oconto
14,2021,37,34,46,50,62,78,74,78,61,67,62,56,Oconto
15,2022,31,35,25,44,53,73,63,47,60,55,33,31,Oconto
16,2023,28,22,20,27,39,50,46,51,59,45,39,41,Oconto
17,2024,25,30,34,32,49,45,54,51,48,,,,Oconto
0,2007,4,8,9,62,169,185,138,154,111,106,84,85,Outagamie
1,2008,36,51,20,8,10,12,5,22,10,15,11,9,Outagamie
2,2009,11,10,7,15,25,27,31,19,17,28,23,16,Outagamie
3,2010,5,17,22,33,75,84,61,91,76,110,70,115,Outagamie
4,2011,44,71,113,152,150,160,209,166,154,135,108,117,Outagamie
5,2012,85,105,167,168,181,210,164,186,178,162,130,136,Outagamie
6,2013,84,116,182,161,207,279,166,255,163,148,199,132,Outagamie
7,2014,93,95,187,147,265,216,188,274,184,208,163,158,Outagamie
8,2015,110,118,161,198,287,256,252,248,213,216,143,189,Outagamie
9,2016,146,101,176,277,263,300,270,218,248,241,186,186,Outagamie
10,2017,146,121,182,196,249,290,248,246,217,248,225,184,Outagamie
11,2018,122,108,155,195,266,274,246,277,243,231,219,180,Outagamie
12,2019,129,122,160,201,246,289,281,261,227,235,173,179,Outagamie
13,2020,134,124,185,188,213,272,271,258,244,291,253,219,Outagamie
14,2021,135,126,166,204,205,284,247,267,268,298,225,237,Outagamie
15,2022,141,118,165,179,175,238,245,238,237,185,161,150,Outagamie
16,2023,74,79,119,105,157,190,160,192,186,180,203,155,Outagamie
17,2024,126,114,177,171,194,221,163,208,181,,,,Outagamie
0,2007,4,5,16,23,35,32,26,31,19,14,23,18,Shawano
1,2008,6,16,13,9,12,17,16,16,8,8,12,5,Shawano
2,2009,4,6,5,13,12,16,18,12,15,13,12,9,Shawano
3,2010,6,7,15,14,32,26,20,21,22,26,22,12,Shawano
4,2011,17,18,26,27,21,43,44,32,30,27,17,21,Shawano
5,2012,7,19,38,20,28,49,40,50,39,26,23,28,Shawano
6,2013,25,17,29,24,25,35,35,36,43,33,22,36,Shawano
7,2014,20,15,29,29,49,42,33,38,36,43,44,27,Shawano
8,2015,16,16,35,28,47,30,55,49,47,46,32,46,Shawano
9,2016,16,11,29,41,47,50,61,63,36,58,29,48,Shawano
10,2017,24,24,37,41,52,64,51,64,47,43,41,28,Shawano
11,2018,27,18,21,32,51,48,40,53,37,42,23,26,Shawano
12,2019,18,15,32,46,59,43,59,51,40,43,43,36,Shawano
13,2020,25,31,32,40,36,58,64,70,42,63,48,39,Shawano
14,2021,27,25,29,50,51,59,50,54,62,52,44,37,Shawano
15,2022,29,32,38,39,32,52,51,60,42,49,33,22,Shawano
16,2023,21,13,29,22,36,40,37,47,52,34,33,42,Shawano
17,2024,11,24,27,43,36,33,41,34,48,,,,Shawano
0,2007,2,3,5,13,43,40,30,41,52,30,26,17,Waupaca
1,2008,16,12,1,3,4,2,4,3,3,2,1,2,Waupaca
2,2009,,,5,5,9,1,3,3,5,7,6,3,Waupaca
3,2010,2,1,4,3,10,17,22,22,21,26,25,30,Waupaca
4,2011,19,23,29,42,36,40,35,45,37,36,34,54,Waupaca
5,2012,22,35,46,33,41,53,44,59,49,36,46,50,Waupaca
6,2013,27,26,45,39,49,62,27,66,50,53,48,42,Waupaca
7,2014,33,31,38,48,76,54,64,67,50,62,52,43,Waupaca
8,2015,28,28,44,49,63,55,66,65,55,61,32,53,Waupaca
9,2016,21,30,43,67,56,68,85,69,69,63,55,72,Waupaca
10,2017,32,35,51,53,68,80,62,76,68,66,72,41,Waupaca
11,2018,30,33,50,55,79,81,77,95,70,48,59,63,Waupaca
12,2019,24,32,54,67,83,70,82,63,66,72,45,45,Waupaca
13,2020,29,33,39,46,43,66,84,83,90,68,67,58,Waupaca
14,2021,42,40,62,64,62,70,82,60,63,80,59,68,Waupaca
15,2022,52,33,57,40,56,57,52,66,63,49,48,40,Waupaca
16,2023,29,29,56,33,46,62,55,57,52,46,53,43,Waupaca
17,2024,37,38,33,64,53,42,47,46,37,,,,Waupaca
0,2007,1,11,7,55,126,137,93,133,90,57,80,70,Winnebago
1,2008,32,31,12,12,13,15,6,15,10,18,6,5,Winnebago
2,2009,12,11,7,15,14,21,28,19,33,20,10,18,Winnebago
3,2010,10,28,22,28,72,76,62,73,69,112,90,81,Winnebago
4,2011,56,78,93,147,122,149,147,147,121,141,114,126,Winnebago
5,2012,82,81,178,154,180,210,135,182,180,155,141,140,Winnebago
6,2013,84,106,163,164,179,232,157,217,167,183,151,149,Winnebago
7,2014,74,95,154,134,225,193,178,260,183,180,143,117,Winnebago
8,2015,75,103,141,188,256,264,237,214,214,210,115,170,Winnebago
9,2016,123,100,180,216,202,263,293,217,203,208,186,184,Winnebago
10,2017,104,99,166,195,279,305,247,258,218,245,173,153,Winnebago
11,2018,125,118,183,203,236,296,221,281,207,233,169,145,Winnebago
12,2019,95,108,144,170,229,245,268,270,210,220,220,177,Winnebago
13,2020,128,112,166,160,216,231,276,231,223,262,212,189,Winnebago
14,2021,139,116,162,195,172,249,282,248,219,246,212,190,Winnebago
15,2022,152,126,170,152,182,219,243,223,231,186,182,155,Winnebago
16,2023,96,74,128,137,174,226,161,199,192,197,146,127,Winnebago
17,2024,118,104,131,147,168,209,214,207,164,,,,Winnebago
0,2007,28,44,54,72,96,96,89,64,52,47,42,33,Columbia
1,2008,20,26,35,43,62,39,42,48,47,36,12,21,Columbia
2,2009,13,33,36,43,62,56,52,40,52,74,61,45,Columbia
3,2010,18,30,45,69,58,60,33,31,48,45,35,24,Columbia
4,2011,22,27,31,58,50,63,52,39,52,46,47,37,Columbia
5,2012,28,40,51,54,92,70,69,71,51,64,49,45,Columbia
6,2013,37,33,35,59,92,64,66,80,77,61,46,44,Columbia
7,2014,41,37,49,73,90,77,57,55,59,70,49,60,Columbia
8,2015,35,36,58,70,78,103,99,76,82,86,47,66,Columbia
9,2016,35,38,65,72,102,105,94,93,79,68,59,67,Columbia
10,2017,44,31,75,56,81,109,82,92,113,68,61,52,Columbia
11,2018,38,44,67,68,94,101,86,86,83,74,54,50,Columbia
12,2019,26,39,53,53,84,90,94,94,79,63,47,44,Columbia
13,2020,40,35,60,62,64,90,92,112,101,75,75,70,Columbia
14,2021,45,50,52,66,88,95,95,78,80,91,57,63,Columbia
15,2022,33,32,49,44,57,92,43,103,62,43,71,48,Columbia
16,2023,30,20,49,45,63,71,61,66,75,44,53,57,Columbia
17,2024,34,21,39,55,77,64,60,68,58,,,,Columbia
0,2007,331,366,560,644,802,980,826,765,415,413,337,358,Dane
1,2008,224,302,406,489,654,747,709,581,381,359,225,296,Dane
2,2009,151,228,333,420,572,715,788,613,475,469,511,270,Dane
3,2010,195,283,387,679,717,875,391,419,302,277,250,293,Dane
4,2011,237,208,354,437,517,652,558,523,386,301,342,318,Dane
5,2012,246,245,466,526,633,852,731,690,450,493,415,413,Dane
6,2013,320,349,535,701,939,977,953,910,579,516,425,442,Dane
7,2014,293,342,505,600,845,997,892,725,592,511,438,474,Dane
8,2015,345,358,614,778,944,1155,1077,775,619,635,513,466,Dane
9,2016,372,362,632,784,912,1185,924,917,715,576,518,564,Dane
10,2017,357,387,605,700,897,1184,950,930,694,650,575,512,Dane
11,2018,418,390,628,709,838,1080,956,924,609,678,630,471,Dane
12,2019,363,434,573,648,910,984,978,855,636,604,649,596,Dane
13,2020,406,414,620,675,752,909,967,896,938,859,750,705,Dane
14,2021,446,423,613,734,852,1032,1052,908,817,766,681,683,Dane
15,2022,429,404,609,646,804,941,847,832,703,556,488,415,Dane
16,2023,289,323,513,448,614,779,666,638,501,503,494,399,Dane
17,2024,302,316,486,598,700,727,717,661,517,,,,Dane
0,2007,85,60,80,104,127,111,115,131,80,95,68,80,Dodge
1,2008,46,84,64,90,106,85,65,75,76,96,41,54,Dodge
2,2009,23,35,50,67,83,86,80,78,77,78,77,53,Dodge
3,2010,30,42,66,86,97,85,53,49,55,75,43,38,Dodge
4,2011,34,57,57,66,79,59,60,74,68,76,70,49,Dodge
5,2012,49,44,66,67,82,89,76,88,78,70,63,51,Dodge
6,2013,47,45,61,76,97,92,98,87,64,58,60,53,Dodge
7,2014,47,43,80,69,98,82,88,106,63,101,68,75,Dodge
8,2015,41,57,61,88,85,123,97,114,108,93,76,82,Dodge
9,2016,55,55,79,102,123,136,112,139,124,107,83,97,Dodge
10,2017,78,53,78,111,98,159,144,121,88,112,89,99,Dodge
11,2018,58,52,82,90,109,130,91,99,97,97,83,91,Dodge
12,2019,45,42,73,88,104,99,95,133,97,80,81,81,Dodge
13,2020,51,61,98,85,85,110,146,122,101,128,90,86,Dodge
14,2021,53,63,87,96,105,112,128,118,122,112,103,98,Dodge
15,2022,90,72,75,70,89,136,102,95,90,82,81,44,Dodge
16,2023,55,45,45,61,78,87,83,103,86,74,67,85,Dodge
17,2024,57,58,47,66,100,76,96,82,82,,,,Dodge
0,2007,16,23,26,27,30,42,21,30,26,17,25,14,Grant
1,2008,11,9,25,18,27,18,26,34,19,11,19,19,Grant
2,2009,10,21,22,26,31,37,29,33,23,25,29,20,Grant
3,2010,12,7,24,33,32,38,18,27,26,23,15,28,Grant
4,2011,18,14,24,18,26,25,28,36,30,24,23,20,Grant
5,2012,19,12,19,25,47,39,33,41,26,39,23,21,Grant
6,2013,21,18,23,22,32,28,39,37,28,44,39,25,Grant
7,2014,18,19,24,38,41,35,29,41,36,35,23,34,Grant
8,2015,13,14,24,32,42,43,63,30,32,38,28,33,Grant
9,2016,20,21,19,35,39,50,33,43,29,42,22,34,Grant
10,2017,15,19,40,28,53,45,37,57,34,43,39,27,Grant
11,2018,19,21,31,38,42,45,58,42,28,37,38,25,Grant
12,2019,17,16,32,36,37,45,42,44,40,37,41,45,Grant
13,2020,17,22,32,29,39,51,57,57,50,55,35,36,Grant
14,2021,35,17,25,48,44,46,47,50,51,40,43,44,Grant
15,2022,25,28,33,32,31,49,42,38,40,41,31,28,Grant
16,2023,25,21,25,22,27,46,54,59,50,37,32,27,Grant
17,2024,30,26,29,34,36,40,35,34,40,,,,Grant
0,2007,20,22,31,35,37,35,50,36,32,26,30,16,Green
1,2008,15,29,18,29,30,33,34,37,19,18,23,13,Green
2,2009,12,13,28,19,36,32,36,37,37,43,20,22,Green
3,2010,20,8,22,53,40,32,22,28,26,16,23,27,Green
4,2011,25,26,25,40,36,35,40,34,29,20,29,30,Green
5,2012,22,27,32,39,39,48,44,51,33,25,31,25,Green
6,2013,24,22,28,42,54,37,52,52,56,44,28,30,Green
7,2014,24,19,21,43,53,58,46,44,39,60,23,40,Green
8,2015,21,27,42,47,58,54,60,39,47,38,31,29,Green
9,2016,17,23,29,54,43,62,51,40,41,41,43,44,Green
10,2017,29,21,36,43,54,50,53,64,47,34,34,46,Green
11,2018,25,25,24,45,54,49,44,55,33,45,31,28,Green
12,2019,24,25,28,33,37,53,45,54,45,32,51,29,Green
13,2020,16,17,28,38,26,53,55,48,56,57,42,40,Green
14,2021,22,26,35,40,43,44,54,53,47,38,49,41,Green
15,2022,26,21,36,32,40,52,45,46,39,35,31,25,Green
16,2023,19,26,23,34,39,45,29,41,34,32,31,27,Green
17,2024,26,21,27,29,29,38,48,39,28,,,,Green
0,2007,13,20,27,22,20,19,29,27,14,20,16,13,Iowa
1,2008,11,10,11,18,27,23,19,16,8,14,16,16,Iowa
2,2009,8,14,16,11,20,20,23,23,19,14,21,14,Iowa
3,2010,14,10,12,25,12,25,17,11,15,13,22,13,Iowa
4,2011,8,5,8,20,24,20,23,13,21,16,14,19,Iowa
5,2012,11,11,19,14,16,20,25,18,24,24,23,18,Iowa
6,2013,15,8,26,25,22,25,27,32,13,15,23,13,Iowa
7,2014,22,12,21,23,18,26,22,31,29,27,11,31,Iowa
8,2015,14,14,17,18,31,39,40,23,36,31,18,17,Iowa
9,2016,15,10,24,36,31,36,37,29,21,22,20,17,Iowa
10,2017,16,11,31,18,32,31,28,20,28,21,20,15,Iowa
11,2018,14,17,13,22,36,27,26,28,21,24,26,22,Iowa
12,2019,7,13,17,21,32,30,21,34,25,24,20,19,Iowa
13,2020,12,13,24,16,21,20,31,40,27,27,16,31,Iowa
14,2021,17,13,26,23,28,23,28,28,24,20,28,27,Iowa
15,2022,18,13,27,26,19,28,27,25,33,22,16,22,Iowa
16,2023,11,14,26,17,22,26,24,14,22,17,20,15,Iowa
17,2024,17,8,10,15,18,27,11,27,22,,,,Iowa
0,2007,62,87,138,131,155,163,141,153,114,100,87,70,Jefferson
1,2008,57,88,67,85,126,134,108,85,95,106,74,76,Jefferson
2,2009,36,55,76,57,88,104,80,79,108,86,91,64,Jefferson
3,2010,33,59,55,89,91,75,64,47,62,47,46,57,Jefferson
4,2011,37,33,48,77,75,82,78,69,70,65,51,56,Jefferson
5,2012,46,43,70,75,91,85,99,89,65,78,69,58,Jefferson
6,2013,59,44,76,109,100,95,127,106,84,76,63,76,Jefferson
7,2014,45,45,56,81,87,118,118,84,102,79,80,62,Jefferson
8,2015,72,91,97,104,180,187,170,160,148,135,110,109,Jefferson
9,2016,72,94,105,127,167,231,185,201,154,165,104,103,Jefferson
10,2017,71,70,127,151,177,200,164,139,144,116,90,95,Jefferson
11,2018,74,51,81,102,141,165,124,125,113,108,99,65,Jefferson
12,2019,62,61,70,107,133,139,130,155,118,112,104,93,Jefferson
13,2020,68,64,78,117,108,131,149,147,136,128,123,103,Jefferson
14,2021,83,54,95,125,117,146,144,159,127,118,161,112,Jefferson
15,2022,65,77,91,101,105,150,113,123,128,101,80,70,Jefferson
16,2023,34,48,64,67,93,115,90,104,92,76,78,80,Jefferson
17,2024,50,55,60,96,102,96,102,99,66,,,,Jefferson
0,2007,3,9,8,11,6,12,12,9,9,5,7,6,Lafayette
1,2008,1,2,2,7,7,8,10,12,5,7,3,5,Lafayette
2,2009,6,3,5,10,8,4,8,14,8,16,11,7,Lafayette
3,2010,6,5,4,11,10,19,6,5,6,8,8,9,Lafayette
4,2011,3,11,7,8,5,11,4,17,12,10,10,9,Lafayette
5,2012,6,8,8,10,11,22,10,12,9,10,10,10,Lafayette
6,2013,8,13,10,11,10,10,17,10,15,9,8,12,Lafayette
7,2014,5,6,8,9,12,13,15,14,12,20,6,7,Lafayette
8,2015,6,9,7,9,13,23,16,15,8,11,8,8,Lafayette
9,2016,,4,14,8,13,18,14,18,8,15,15,13,Lafayette
10,2017,5,8,15,12,17,13,11,9,9,16,19,13,Lafayette
11,2018,5,7,9,20,13,15,19,20,11,11,9,9,Lafayette
12,2019,8,10,9,8,10,14,16,19,8,13,15,5,Lafayette
13,2020,9,11,10,7,10,18,19,21,18,18,7,10,Lafayette
14,2021,9,6,10,22,16,14,22,16,16,15,21,10,Lafayette
15,2022,5,12,8,16,14,14,11,15,13,18,7,18,Lafayette
16,2023,4,6,6,15,12,9,16,13,16,10,11,7,Lafayette
17,2024,6,8,11,4,11,8,16,7,8,,,,Lafayette
0,2007,7,9,11,20,15,18,13,18,11,15,8,4,Richland
1,2008,7,8,5,8,17,18,10,12,7,9,6,10,Richland
2,2009,5,9,11,11,10,14,13,9,14,15,16,5,Richland
3,2010,3,6,12,13,24,18,6,8,8,10,8,5,Richland
4,2011,7,6,10,7,8,9,14,12,13,10,11,11,Richland
5,2012,6,6,13,18,17,11,8,20,11,20,14,12,Richland
6,2013,11,7,11,10,21,18,20,18,12,13,19,13,Richland
7,2014,6,6,11,10,13,22,19,20,14,15,17,11,Richland
8,2015,10,9,4,19,12,20,28,18,9,24,11,11,Richland
9,2016,5,10,12,11,19,21,13,22,23,16,16,8,Richland
10,2017,16,9,7,13,12,13,12,22,16,24,18,12,Richland
11,2018,12,3,16,10,17,19,17,18,21,15,8,11,Richland
12,2019,3,16,6,12,15,11,14,15,13,17,10,13,Richland
13,2020,3,14,15,15,14,9,14,21,12,11,16,13,Richland
14,2021,7,12,10,10,20,20,9,15,19,20,24,18,Richland
15,2022,11,8,15,20,12,12,19,23,25,21,17,13,Richland
16,2023,10,13,13,7,13,8,15,10,6,9,15,17,Richland
17,2024,5,8,12,11,18,8,20,13,12,,,,Richland
0,2007,147,144,214,261,230,266,219,219,194,183,149,110,Rock
1,2008,87,129,155,181,175,147,156,152,161,137,110,99,Rock
2,2009,49,83,116,147,152,158,195,151,142,187,153,102,Rock
3,2010,76,93,158,209,217,202,112,118,110,122,104,92,Rock
4,2011,86,76,126,140,149,170,147,158,156,137,117,119,Rock
5,2012,106,115,155,173,173,202,165,191,166,147,141,113,Rock
6,2013,111,108,133,175,206,182,175,200,181,165,147,139,Rock
7,2014,98,110,152,169,210,215,197,208,174,208,134,115,Rock
8,2015,112,97,189,188,221,242,257,218,190,180,148,172,Rock
9,2016,120,117,152,235,272,271,237,258,220,191,169,168,Rock
10,2017,130,104,190,210,247,277,233,252,221,194,198,142,Rock
11,2018,129,98,166,209,247,246,234,235,203,234,205,148,Rock
12,2019,123,135,160,193,232,253,255,264,210,217,210,164,Rock
13,2020,112,146,185,174,185,230,266,236,222,291,236,229,Rock
14,2021,160,166,160,214,209,251,301,287,248,270,241,194,Rock
15,2022,159,134,159,180,210,234,237,265,219,182,172,160,Rock
16,2023,119,101,149,139,164,243,198,206,198,198,171,149,Rock
17,2024,118,115,170,174,216,225,229,224,189,,,,Rock
0,2007,37,47,72,70,77,67,95,79,60,50,46,33,Sauk
1,2008,20,32,39,53,49,58,57,75,31,49,20,32,Sauk
2,2009,21,21,30,39,67,69,70,53,59,68,48,34,Sauk
3,2010,25,29,55,50,56,64,49,51,51,55,43,52,Sauk
4,2011,32,29,47,62,61,53,67,69,64,54,49,39,Sauk
5,2012,40,44,53,61,71,75,87,68,66,55,68,46,Sauk
6,2013,50,40,49,58,103,94,85,99,84,75,58,59,Sauk
7,2014,45,27,51,67,85,117,83,89,85,85,60,49,Sauk
8,2015,30,37,62,76,88,112,98,108,76,81,75,74,Sauk
9,2016,50,43,68,88,95,99,105,98,80,92,76,72,Sauk
10,2017,47,41,79,77,97,103,87,95,106,94,73,81,Sauk
11,2018,43,47,73,85,92,119,93,116,93,84,69,53,Sauk
12,2019,45,56,62,61,99,109,113,124,101,88,73,63,Sauk
13,2020,51,47,63,63,84,93,133,106,102,121,80,98,Sauk
14,2021,66,44,70,93,86,110,91,96,104,96,79,83,Sauk
15,2022,44,47,65,75,89,91,83,89,88,64,44,54,Sauk
16,2023,35,54,38,30,68,83,73,82,76,91,50,56,Sauk
17,2024,44,41,56,56,94,71,51,80,73,,,,Sauk
0,2007,93,138,183,181,231,251,219,201,188,163,131,127,Kenosha
1,2008,90,114,125,148,164,176,174,169,130,128,107,96,Kenosha
2,2009,68,71,85,103,138,156,170,144,144,144,125,97,Kenosha
3,2010,78,84,164,165,165,153,127,122,127,119,89,97,Kenosha
4,2011,77,95,120,143,140,180,117,177,128,121,119,120,Kenosha
5,2012,90,110,147,143,173,171,161,184,152,182,164,143,Kenosha
6,2013,128,127,163,179,241,218,223,226,208,181,135,148,Kenosha
7,2014,122,127,144,180,197,225,197,216,183,174,123,161,Kenosha
8,2015,104,122,150,188,245,280,259,196,220,207,142,151,Kenosha
9,2016,142,142,187,232,223,298,252,237,220,212,182,136,Kenosha
10,2017,116,112,187,199,231,268,232,262,220,198,195,164,Kenosha
11,2018,123,120,162,227,237,285,222,291,206,202,183,139,Kenosha
12,2019,109,122,176,192,264,232,239,278,232,204,179,159,Kenosha
13,2020,119,135,181,178,172,226,293,273,237,248,220,218,Kenosha
14,2021,134,161,171,192,211,292,272,273,241,235,244,229,Kenosha
15,2022,139,135,170,206,198,253,196,206,191,174,128,137,Kenosha
16,2023,98,98,129,133,173,176,160,184,151,155,113,127,Kenosha
17,2024,108,81,137,141,175,165,183,172,126,,,,Kenosha
0,2007,64,62,106,83,112,142,114,125,85,86,81,67,Ozaukee
1,2008,36,49,58,66,79,95,103,108,82,81,41,53,Ozaukee
2,2009,23,34,55,58,61,100,102,91,88,80,83,52,Ozaukee
3,2010,37,56,60,86,93,124,62,70,73,66,54,59,Ozaukee
4,2011,36,34,56,63,94,111,113,95,79,66,68,63,Ozaukee
5,2012,41,42,96,103,101,123,117,121,81,94,95,80,Ozaukee
6,2013,51,67,83,109,122,133,146,154,96,93,72,93,Ozaukee
7,2014,55,55,83,88,128,122,138,129,112,85,77,96,Ozaukee
8,2015,53,51,104,112,133,182,175,130,117,84,67,86,Ozaukee
9,2016,62,56,80,112,129,184,146,156,119,137,89,80,Ozaukee
10,2017,58,57,86,106,143,194,139,162,115,127,104,97,Ozaukee
11,2018,56,48,107,118,144,152,132,132,107,108,108,85,Ozaukee
12,2019,46,50,98,104,138,158,169,153,137,133,73,93,Ozaukee
13,2020,72,74,95,92,108,131,189,180,155,161,139,111,Ozaukee
14,2021,84,63,98,114,116,164,154,155,128,127,123,118,Ozaukee
15,2022,74,76,111,101,122,147,129,138,124,92,86,80,Ozaukee
16,2023,61,61,89,80,130,121,108,116,101,101,84,54,Ozaukee
17,2024,51,43,80,83,110,127,135,120,105,,,,Ozaukee
0,2007,136,138,200,220,240,220,210,234,177,184,161,118,Racine
1,2008,106,140,127,169,217,200,162,160,180,158,105,96,Racine
2,2009,66,76,134,135,172,196,163,182,171,196,189,117,Racine
3,2010,78,117,151,196,170,196,112,142,136,139,118,111,Racine
4,2011,99,96,129,147,183,196,181,189,170,157,140,132,Racine
5,2012,93,123,170,157,194,204,176,234,189,193,177,130,Racine
6,2013,156,128,175,190,236,218,234,245,200,200,180,126,Racine
7,2014,114,125,152,176,210,242,226,190,209,220,141,188,Racine
8,2015,111,141,183,235,239,319,259,263,235,227,170,206,Racine
9,2016,119,139,214,246,253,327,272,289,272,244,225,185,Racine
10,2017,143,155,203,270,268,340,264,278,253,273,204,226,Racine
11,2018,152,146,225,230,285,286,262,298,228,257,242,174,Racine
12,2019,162,161,167,218,309,281,267,290,276,225,192,221,Racine
13,2020,166,132,214,198,222,278,331,312,333,365,287,248,Racine
14,2021,164,188,246,256,263,345,334,308,330,304,311,312,Racine
15,2022,169,211,231,245,272,292,280,305,270,262,232,189,Racine
16,2023,118,146,185,167,212,223,236,243,213,184,188,177,Racine
17,2024,115,144,188,165,221,203,243,237,216,,,,Racine
0,2007,64,85,98,115,149,133,132,133,96,91,114,65,Sheboygan
1,2008,44,63,79,102,122,119,105,102,86,78,54,77,Sheboygan
2,2009,33,50,56,77,68,101,109,113,90,76,102,64,Sheboygan
3,2010,32,54,82,101,122,109,48,63,71,66,59,53,Sheboygan
4,2011,52,53,79,78,84,92,77,81,73,67,73,75,Sheboygan
5,2012,59,65,103,116,115,128,99,121,123,121,90,92,Sheboygan
6,2013,64,80,125,113,151,140,102,176,124,111,84,85,Sheboygan
7,2014,84,65,100,113,129,140,135,125,114,112,105,91,Sheboygan
8,2015,62,65,93,132,135,154,141,139,139,103,84,86,Sheboygan
9,2016,68,64,93,148,124,188,151,154,140,119,114,108,Sheboygan
10,2017,80,62,107,108,127,154,150,139,124,143,121,96,Sheboygan
11,2018,65,79,108,108,145,156,135,157,117,114,131,106,Sheboygan
12,2019,73,79,97,106,151,137,142,161,130,141,121,113,Sheboygan
13,2020,108,78,95,103,101,155,145,135,182,161,139,131,Sheboygan
14,2021,96,84,126,106,120,183,152,146,167,160,152,143,Sheboygan
15,2022,85,72,103,113,109,152,148,140,122,117,85,86,Sheboygan
16,2023,62,59,83,61,118,117,104,140,110,106,82,83,Sheboygan
17,2024,81,56,87,70,101,116,136,117,121,,,,Sheboygan
0,2007,75,79,123,118,170,174,140,165,141,135,89,72,Walworth
1,2008,55,67,72,83,115,123,116,114,85,93,61,47,Walworth
2,2009,37,42,59,63,100,119,82,108,102,104,87,55,Walworth
3,2010,39,60,76,105,123,141,71,93,87,76,62,80,Walworth
4,2011,62,52,94,97,112,102,92,118,96,89,95,70,Walworth
5,2012,66,73,105,106,137,140,129,140,91,110,106,108,Walworth
6,2013,77,91,110,114,137,148,168,168,115,118,115,119,Walworth
7,2014,78,78,91,117,143,164,154,149,144,139,102,106,Walworth
8,2015,89,99,114,159,157,218,199,151,163,177,117,128,Walworth
9,2016,83,83,141,154,193,220,150,193,210,151,144,135,Walworth
10,2017,93,76,147,172,221,255,192,199,188,173,134,132,Walworth
11,2018,86,81,151,171,198,162,198,207,154,184,164,114,Walworth
12,2019,83,104,119,152,233,193,202,245,152,192,157,122,Walworth
13,2020,95,103,137,110,135,216,255,242,241,241,192,175,Walworth
14,2021,104,117,141,162,194,231,198,205,204,200,155,175,Walworth
15,2022,99,122,137,140,186,160,170,177,190,170,123,105,Walworth
16,2023,79,66,108,112,131,167,138,170,155,129,96,99,Walworth
17,2024,81,81,103,143,150,128,132,170,125,,,,Walworth
0,2007,99,100,166,177,201,177,185,189,131,125,106,89,Washington
1,2008,60,71,123,120,146,137,145,147,115,107,65,73,Washington
2,2009,39,40,85,105,105,155,142,149,137,150,139,72,Washington
3,2010,46,40,108,136,158,129,82,69,111,90,70,76,Washington
4,2011,65,53,73,74,102,112,104,127,112,100,102,78,Washington
5,2012,66,70,117,121,136,165,147,136,120,151,119,86,Washington
6,2013,76,100,137,170,200,195,206,191,131,154,107,110,Washington
7,2014,83,92,118,142,166,181,186,190,163,139,109,125,Washington
8,2015,81,74,136,165,220,273,240,228,165,157,133,143,Washington
9,2016,99,88,159,180,203,240,236,231,189,177,154,125,Washington
10,2017,100,78,153,182,218,291,205,238,222,175,159,122,Washington
11,2018,100,113,165,163,207,237,191,231,177,176,153,119,Washington
12,2019,79,85,131,159,226,226,218,263,190,189,145,165,Washington
13,2020,101,101,139,164,177,202,222,250,236,242,189,178,Washington
14,2021,98,104,155,184,167,245,246,229,234,227,201,165,Washington
15,2022,122,81,140,129,186,204,185,204,171,153,109,109,Washington
16,2023,64,66,94,102,139,155,161,166,154,130,99,116,Washington
17,2024,67,82,112,150,168,156,159,160,140,,,,Washington
0,2007,249,264,435,442,523,592,499,586,345,319,293,257,Waukesha
1,2008,207,226,291,346,392,490,417,412,334,309,200,206,Waukesha
2,2009,126,196,266,266,321,432,488,380,357,373,343,232,Waukesha
3,2010,145,168,300,402,453,459,277,285,282,252,231,245,Waukesha
4,2011,170,173,264,294,361,458,394,380,356,304,254,287,Waukesha
5,2012,210,225,355,421,499,551,511,547,398,405,367,313,Waukesha
6,2013,239,237,403,451,559,643,646,592,452,416,314,291,Waukesha
7,2014,225,214,337,400,506,647,617,572,472,479,371,347,Waukesha
8,2015,220,245,433,478,595,766,700,606,560,498,351,383,Waukesha
9,2016,240,249,398,551,618,767,651,648,570,505,418,423,Waukesha
10,2017,241,267,437,530,626,784,635,628,501,537,414,395,Waukesha
11,2018,259,267,408,511,549,736,662,622,532,520,441,335,Waukesha
12,2019,270,285,361,505,612,725,673,690,544,536,464,398,Waukesha
13,2020,300,314,458,486,503,589,732,752,641,662,562,487,Waukesha
14,2021,311,252,400,509,557,720,681,695,636,566,541,516,Waukesha
15,2022,259,258,372,440,543,657,622,598,545,411,387,352,Waukesha
16,2023,207,228,310,341,424,557,494,523,387,410,391,300,Waukesha
17,2024,206,215,314,367,494,463,543,504,392,,,,Waukesha
0,2007,3,7,1,4,11,13,9,8,12,8,7,4,Buffalo
1,2008,9,3,3,6,11,8,9,14,1,4,2,3,Buffalo
2,2009,,2,6,3,9,14,6,7,7,14,7,8,Buffalo
3,2010,2,6,12,13,5,11,4,3,13,14,9,10,Buffalo
4,2011,4,6,13,5,16,7,6,15,7,11,4,3,Buffalo
5,2012,6,3,2,8,9,8,12,17,9,6,7,6,Buffalo
6,2013,10,3,7,16,14,11,5,7,12,11,5,8,Buffalo
7,2014,4,4,7,9,7,12,18,16,18,15,3,6,Buffalo
8,2015,2,3,4,6,7,8,5,14,3,13,8,2,Buffalo
9,2016,5,4,6,10,10,8,8,9,5,3,8,7,Buffalo
10,2017,,10,11,11,10,6,10,19,16,9,14,7,Buffalo
11,2018,11,3,2,9,14,18,13,14,14,7,11,4,Buffalo
12,2019,5,4,9,17,16,19,19,5,22,15,9,6,Buffalo
13,2020,16,5,9,13,14,12,15,12,15,24,14,12,Buffalo
14,2021,6,9,10,14,10,17,17,13,18,23,12,12,Buffalo
15,2022,5,7,9,12,11,17,11,9,13,8,8,10,Buffalo
16,2023,10,4,7,10,4,12,15,11,10,11,8,10,Buffalo
17,2024,10,2,11,14,5,20,12,13,9,,,,Buffalo
0,2007,16,17,21,20,20,32,22,35,15,16,14,6,Dunn
1,2008,12,15,15,15,35,22,21,16,14,17,17,13,Dunn
2,2009,5,14,11,17,18,26,24,28,21,17,19,12,Dunn
3,2010,16,4,16,43,42,55,34,30,37,30,31,39,Dunn
4,2011,17,23,23,47,46,46,49,59,60,41,38,30,Dunn
5,2012,23,19,34,45,47,52,58,53,35,39,33,39,Dunn
6,2013,26,34,46,50,57,63,58,83,56,51,41,46,Dunn
7,2014,34,19,19,44,57,59,72,68,55,65,34,39,Dunn
8,2015,22,28,32,50,52,84,62,62,46,45,51,28,Dunn
9,2016,33,37,51,57,62,83,85,87,63,54,43,56,Dunn
10,2017,29,20,52,43,82,76,88,74,52,48,29,58,Dunn
11,2018,25,17,30,54,82,67,70,98,55,74,58,34,Dunn
12,2019,23,30,39,42,68,62,56,93,72,67,58,34,Dunn
13,2020,34,29,43,58,56,71,68,91,62,85,64,62,Dunn
14,2021,27,31,38,45,39,51,74,63,64,57,72,64,Dunn
15,2022,42,35,35,43,48,55,63,63,62,58,35,35,Dunn
16,2023,27,16,31,33,42,42,52,61,60,40,31,44,Dunn
17,2024,33,23,27,50,52,41,39,59,38,,,,Dunn
0,2007,13,30,31,28,38,30,31,28,29,23,16,16,Eau Claire
1,2008,12,11,27,36,30,34,33,22,18,22,14,14,Eau Claire
2,2009,9,12,20,34,43,31,34,28,33,33,29,27,Eau Claire
3,2010,9,45,88,133,130,140,83,92,79,65,84,91,Eau Claire
4,2011,45,42,73,91,131,158,145,133,89,106,76,97,Eau Claire
5,2012,48,69,86,104,131,158,117,118,83,100,105,78,Eau Claire
6,2013,56,58,85,118,139,135,149,156,111,94,85,79,Eau Claire
7,2014,59,47,80,96,151,171,134,141,109,110,79,80,Eau Claire
8,2015,54,68,141,144,212,252,203,142,134,134,66,112,Eau Claire
9,2016,57,75,113,152,165,196,148,171,117,125,117,104,Eau Claire
10,2017,81,68,128,125,171,212,145,155,137,111,107,104,Eau Claire
11,2018,69,65,103,135,172,193,155,158,139,136,117,104,Eau Claire
12,2019,73,81,91,109,166,183,147,178,142,140,138,80,Eau Claire
13,2020,78,64,87,99,104,176,187,155,155,178,145,115,Eau Claire
14,2021,84,85,98,125,141,160,175,181,150,152,141,123,Eau Claire
15,2022,85,79,93,110,141,148,165,160,144,115,97,109,Eau Claire
16,2023,54,67,70,69,91,144,134,120,102,115,105,78,Eau Claire
17,2024,57,49,83,104,123,133,117,136,98,,,,Eau Claire
0,2007,,,,2,1,5,3,1,1,4,3,1,Jackson
1,2008,,2,1,2,3,2,2,5,4,2,6,,Jackson
2,2009,2,,2,1,1,4,,2,4,2,3,,Jackson
3,2010,,3,6,13,10,4,8,6,7,13,9,15,Jackson
4,2011,7,5,7,7,17,14,15,20,16,9,8,8,Jackson
5,2012,5,7,11,9,12,21,7,13,19,12,13,10,Jackson
6,2013,4,10,15,21,13,19,19,14,10,18,8,10,Jackson
7,2014,5,2,14,18,27,20,23,28,13,17,21,17,Jackson
8,2015,11,7,20,16,20,20,26,18,19,15,21,14,Jackson
9,2016,6,13,7,21,17,18,19,29,26,19,24,11,Jackson
10,2017,12,13,12,20,33,24,13,17,26,21,12,14,Jackson
11,2018,8,12,15,14,19,30,23,22,16,34,15,11,Jackson
12,2019,14,10,15,12,23,23,38,22,24,21,23,15,Jackson
13,2020,7,10,15,15,12,22,16,27,23,31,20,24,Jackson
14,2021,15,14,17,21,24,29,19,39,17,31,28,14,Jackson
15,2022,15,20,11,15,18,23,22,17,22,18,9,25,Jackson
16,2023,15,5,8,11,18,26,15,14,22,25,25,19,Jackson
17,2024,8,11,13,17,21,13,26,25,27,,,,Jackson
0,2007,78,66,115,123,128,134,141,115,85,72,66,59,La Crosse
1,2008,44,87,90,107,129,121,110,112,95,83,61,56,La Crosse
2,2009,38,53,59,95,103,158,104,107,121,106,98,58,La Crosse
3,2010,41,45,107,130,140,132,67,82,79,76,56,68,La Crosse
4,2011,39,36,68,81,90,108,94,103,91,82,49,75,La Crosse
5,2012,64,57,83,105,118,133,127,145,89,121,101,73,La Crosse
6,2013,78,61,120,116,153,179,152,126,100,103,79,91,La Crosse
7,2014,60,64,76,88,146,178,137,151,120,104,81,88,La Crosse
8,2015,64,75,92,119,159,186,174,142,125,124,93,81,La Crosse
9,2016,71,69,102,146,166,187,151,159,125,119,89,105,La Crosse
10,2017,71,54,100,129,150,183,138,138,122,141,134,106,La Crosse
11,2018,77,74,123,108,139,172,165,159,120,134,115,101,La Crosse
12,2019,43,88,85,99,178,171,154,187,116,149,130,101,La Crosse
13,2020,66,83,107,123,133,155,188,147,184,167,140,130,La Crosse
14,2021,76,75,101,111,122,189,189,163,162,140,154,139,La Crosse
15,2022,93,74,101,115,138,204,145,174,144,126,118,89,La Crosse
16,2023,54,57,84,94,92,146,130,138,131,103,109,96,La Crosse
17,2024,65,58,64,112,135,123,137,135,136,,,,La Crosse
0,2007,29,24,41,51,48,37,43,39,38,34,25,27,Monroe
1,2008,15,20,30,39,41,60,36,38,50,26,13,24,Monroe
2,2009,12,21,35,21,35,49,36,45,43,44,38,22,Monroe
3,2010,16,28,34,63,44,46,30,35,34,33,28,25,Monroe
4,2011,18,22,35,19,33,42,41,44,42,30,37,26,Monroe
5,2012,19,20,32,34,44,36,36,35,26,36,28,26,Monroe
6,2013,21,19,26,57,50,35,37,50,35,36,40,18,Monroe
7,2014,17,23,27,33,40,50,39,43,41,51,28,25,Monroe
8,2015,23,23,36,31,47,49,49,46,42,43,37,29,Monroe
9,2016,19,17,38,55,44,59,45,51,53,43,32,37,Monroe
10,2017,20,22,25,42,59,62,43,62,47,51,55,23,Monroe
11,2018,26,20,37,48,48,46,55,71,50,48,42,34,Monroe
12,2019,14,25,39,37,72,46,55,67,47,52,36,34,Monroe
13,2020,34,32,27,38,47,53,80,67,67,62,55,50,Monroe
14,2021,32,30,49,48,57,64,60,68,53,54,42,42,Monroe
15,2022,36,31,33,41,63,55,39,49,41,34,27,29,Monroe
16,2023,25,11,33,28,30,54,45,44,34,38,32,31,Monroe
17,2024,27,22,23,44,55,25,52,46,48,,,,Monroe
0,2007,,3,1,10,6,10,1,5,6,5,5,7,Pepin
1,2008,4,1,2,5,1,3,6,4,9,7,2,2,Pepin
2,2009,,4,1,2,7,3,2,12,3,3,7,6,Pepin
3,2010,3,2,10,3,15,4,5,14,17,4,7,2,Pepin
4,2011,6,6,4,5,4,6,9,12,8,14,,6,Pepin
5,2012,4,3,2,6,19,11,4,12,5,2,2,11,Pepin
6,2013,4,4,9,11,13,5,13,6,3,10,8,7,Pepin
7,2014,2,5,2,2,16,18,10,15,10,12,1,14,Pepin
8,2015,6,7,4,16,15,15,16,12,10,5,6,8,Pepin
9,2016,8,5,8,4,6,9,13,7,13,17,8,4,Pepin
10,2017,4,5,6,9,16,12,10,15,16,10,10,15,Pepin
11,2018,10,8,9,15,19,11,14,16,5,15,7,8,Pepin
12,2019,1,5,6,8,14,7,7,15,9,15,9,8,Pepin
13,2020,7,4,10,7,11,10,18,9,17,10,8,17,Pepin
14,2021,4,7,11,8,5,7,9,5,7,12,7,8,Pepin
15,2022,2,7,5,8,5,4,8,6,8,3,5,1,Pepin
16,2023,4,3,9,8,2,5,9,11,6,14,6,2,Pepin
17,2024,3,1,1,9,7,5,21,9,10,,,,Pepin
0,2007,16,24,39,28,39,45,33,37,19,30,19,16,Pierce
1,2008,18,21,16,28,31,29,27,30,33,30,18,16,Pierce
2,2009,17,15,26,21,33,44,31,47,33,43,25,21,Pierce
3,2010,24,16,36,40,49,38,32,29,31,19,25,22,Pierce
4,2011,19,17,32,23,46,45,33,34,35,18,31,35,Pierce
5,2012,14,24,29,31,34,52,49,58,40,51,29,23,Pierce
6,2013,23,38,34,25,48,46,59,60,44,31,34,45,Pierce
7,2014,24,17,35,36,42,52,41,57,47,42,24,44,Pierce
8,2015,10,16,23,25,45,49,35,52,39,42,20,37,Pierce
9,2016,23,21,27,33,39,50,53,45,36,41,32,31,Pierce
10,2017,27,13,22,26,30,64,32,43,37,37,35,29,Pierce
11,2018,11,18,17,26,33,41,40,46,33,25,29,15,Pierce
12,2019,12,13,22,32,42,36,29,46,43,31,33,28,Pierce
13,2020,17,12,29,35,34,44,34,48,54,39,35,23,Pierce
14,2021,19,22,29,19,31,38,36,65,52,48,33,34,Pierce
15,2022,24,15,21,35,28,38,38,35,29,25,18,26,Pierce
16,2023,18,19,16,16,22,29,26,32,33,19,13,12,Pierce
17,2024,9,14,26,24,30,29,20,21,34,,,,Pierce
0,2007,73,63,109,121,99,95,121,116,72,64,72,55,St. Croix
1,2008,58,59,80,70,102,112,75,89,101,81,64,61,St. Croix
2,2009,31,46,59,82,109,115,100,102,88,86,89,78,St. Croix
3,2010,49,54,86,117,100,123,79,65,69,68,62,71,St. Croix
4,2011,51,65,79,87,74,85,92,96,94,96,63,68,St. Croix
5,2012,68,72,84,103,124,153,117,114,116,103,112,96,St. Croix
6,2013,68,76,113,113,154,141,175,142,113,109,112,103,St. Croix
7,2014,68,61,98,89,138,149,146,186,108,142,77,105,St. Croix
8,2015,44,53,80,92,114,176,119,118,108,85,68,84,St. Croix
9,2016,73,50,76,117,147,169,111,155,117,83,89,89,St. Croix
10,2017,51,61,95,104,112,154,124,141,137,108,78,92,St. Croix
11,2018,58,67,73,108,132,158,122,152,101,105,84,71,St. Croix
12,2019,59,53,90,66,116,140,141,150,133,133,86,87,St. Croix
13,2020,53,57,79,102,107,116,135,151,127,126,103,107,St. Croix
14,2021,72,58,73,83,92,147,134,134,119,132,114,87,St. Croix
15,2022,47,52,67,90,89,125,108,119,92,73,60,70,St. Croix
16,2023,36,34,62,49,77,87,66,91,82,64,61,58,St. Croix
17,2024,34,38,57,65,89,85,92,80,65,,,,St. Croix
0,2007,7,7,13,13,22,15,12,20,14,9,10,5,Trempealeau
1,2008,2,5,13,12,12,13,16,11,14,10,7,6,Trempealeau
2,2009,2,7,6,8,15,8,12,9,10,13,8,4,Trempealeau
3,2010,4,17,18,18,25,16,10,7,10,13,9,14,Trempealeau
4,2011,7,5,18,7,18,19,25,20,17,15,17,12,Trempealeau
5,2012,11,8,19,13,19,22,20,20,23,24,25,21,Trempealeau
6,2013,21,5,17,17,24,12,22,13,18,24,15,21,Trempealeau
7,2014,2,14,12,16,21,24,26,26,19,17,24,23,Trempealeau
8,2015,13,8,18,18,26,30,25,28,20,25,8,15,Trempealeau
9,2016,18,14,19,30,15,18,31,20,32,24,15,26,Trempealeau
10,2017,8,6,12,18,27,33,24,25,25,22,15,19,Trempealeau
11,2018,11,10,24,19,23,22,23,19,17,23,28,26,Trempealeau
12,2019,6,14,18,26,19,31,35,37,28,21,26,15,Trempealeau
13,2020,14,17,26,23,28,22,26,40,30,38,27,32,Trempealeau
14,2021,14,16,26,36,27,38,29,32,36,32,41,39,Trempealeau
15,2022,23,20,14,18,46,40,30,39,33,27,19,19,Trempealeau
16,2023,10,12,22,9,19,18,36,30,18,20,9,24,Trempealeau
17,2024,11,13,30,30,36,36,27,28,29,,,,Trempealeau
0,2007,6,12,11,11,17,14,16,26,16,20,11,8,Vernon
1,2008,10,10,10,7,18,16,12,18,11,16,6,9,Vernon
2,2009,3,7,11,8,14,14,18,12,9,20,10,15,Vernon
3,2010,9,5,6,13,19,20,10,11,13,13,12,9,Vernon
4,2011,8,8,13,11,10,12,16,15,18,12,7,15,Vernon
5,2012,10,9,15,10,19,14,14,14,9,18,12,11,Vernon
6,2013,9,5,9,14,17,14,18,15,19,22,16,14,Vernon
7,2014,9,9,10,20,24,23,14,23,12,24,19,12,Vernon
8,2015,12,6,18,19,28,27,24,25,21,16,20,14,Vernon
9,2016,13,13,25,11,18,30,25,29,21,21,16,10,Vernon
10,2017,15,7,12,10,20,54,27,28,30,31,16,22,Vernon
11,2018,12,18,18,25,28,29,28,34,29,24,31,14,Vernon
12,2019,10,15,13,20,23,36,30,35,24,25,19,17,Vernon
13,2020,10,8,25,31,22,24,43,37,32,34,44,29,Vernon
14,2021,19,20,23,39,32,27,22,24,29,28,33,33,Vernon
15,2022,13,15,13,22,21,21,16,29,32,28,22,27,Vernon
16,2023,11,12,22,13,13,30,25,19,34,23,28,21,Vernon
17,2024,10,10,14,20,19,23,25,24,15,,,,Vernon
17,2007,3,3,6,8,10,7,6,12,5,8,3,6,Crawford
17,2008,3,3,3,6,8,10,8,5,4,6,4,2,Crawford
17,2009,2,8,5,5,2,8,7,8,4,7,3,0,Crawford
17,2010,4,4,8,10,6,13,10,7,9,4,6,6,Crawford
17,2011,8,5,12,7,13,12,11,9,8,13,6,10,Crawford
17,2012,6,5,12,10,11,9,12,19,11,14,17,10,Crawford
17,2013,5,10,8,12,15,9,11,11,14,20,10,13,Crawford
17,2014,9,10,7,13,8,9,18,14,20,10,9,8,Crawford
17,2015,3,3,13,10,18,24,21,22,18,16,19,11,Crawford
17,2016,12,2,15,12,20,20,15,14,9,14,11,15,Crawford
17,2017,4,10,11,18,22,20,22,21,15,22,24,13,Crawford
17,2018,6,9,12,17,16,16,23,15,18,13,16,9,Crawford
17,2019,6,14,9,18,19,20,17,30,21,15,12,11,Crawford
17,2020,8,17,7,13,18,26,23,21,26,27,15,14,Crawford
17,2021,10,7,15,20,9,31,22,14,20,16,12,11,Crawford
17,2022,12,10,18,9,13,22,25,14,20,15,16,12,Crawford
17,2023,9,2,11,17,15,16,17,14,18,12,14,15,Crawford
17,2024,4,10,15,11,22,15,20,21,7,0,0,0,Crawford
,2007,12,10,16,17,22,25,32,38,20,24,13,17,
,2008,7,9,9,13,23,23,25,25,18,15,9,13,Barron
,2009,8,6,9,13,16,27,33,25,28,26,16,25,Barron
,2010,12,19,50,61,47,64,38,40,63,49,41,36,Barron
,2011,34,39,35,44,55,60,50,77,67,76,55,56,Barron
,2012,34,45,47,47,71,70,88,70,69,75,62,63,Barron
,2013,38,35,46,57,72,79,74,86,73,57,60,50,Barron
,2014,44,25,45,57,82,88,88,88,67,82,53,59,Barron
,2015,53,41,53,77,69,83,92,82,79,90,31,58,Barron
,2016,37,33,43,76,85,93,81,91,64,88,60,60,Barron
,2017,28,36,62,53,75,108,76,78,100,76,61,66,Barron
,2018,26,33,37,62,71,96,96,105,93,73,78,33,Barron
,2019,36,45,50,40,98,90,94,104,88,97,66,67,Barron
,2020,38,26,37,82,61,116,138,100,120,125,85,82,Barron
,2021,50,39,66,79,96,89,144,108,90,111,92,82,Barron
,2022,47,34,45,69,63,91,91,89,96,86,64,41,Barron
,2023,31,28,36,52,42,113,43,71,84,68,68,26,Barron
,2024,41,43,62,49,67,65,90,110,76,0,0,0,Barron
,2007,6,10,10,22,19,23,19,23,12,16,11,7,Chippewa
,2008,5,6,8,10,15,19,20,16,10,9,7,7,Chippewa
,2009,5,2,7,6,15,16,16,16,11,13,11,7,Chippewa
,2010,13,16,36,59,72,75,38,43,42,46,46,32,Chippewa
,2011,39,33,39,57,56,78,68,64,65,46,49,42,Chippewa
,2012,27,29,50,70,70,88,54,73,67,54,52,38,Chippewa
,2013,33,34,34,86,83,69,71,90,91,59,48,61,Chippewa
,2014,34,51,50,39,85,100,80,70,64,84,64,45,Chippewa
,2015,25,27,65,70,81,82,101,87,68,66,46,51,Chippewa
,2016,32,33,60,83,84,107,82,91,77,64,55,41,Chippewa
,2017,42,38,67,63,98,114,81,104,79,67,69,52,Chippewa
,2018,35,35,46,63,76,93,83,94,61,85,82,68,Chippewa
,2019,40,34,42,53,91,103,99,112,79,96,75,67,Chippewa
,2020,57,39,60,62,86,106,125,96,101,111,86,85,Chippewa
,2021,46,41,57,77,72,94,94,95,75,80,65,65,Chippewa
,2022,53,48,64,73,69,97,76,83,60,64,45,57,Chippewa
,2023,44,29,49,34,74,72,64,85,78,66,51,45,Chippewa
,2024,23,30,44,53,61,74,78,65,64,0,0,0,Chippewa
,2007,12,12,13,6,13,11,15,20,11,8,8,8,Clark
,2008,11,8,7,9,13,12,6,12,8,13,9,13,Clark
,2009,11,3,1,16,12,15,8,14,7,14,6,12,Clark
,2010,2,3,12,21,16,14,8,5,16,15,8,11,Clark
,2011,6,13,12,18,18,14,13,24,21,15,14,12,Clark
,2012,5,18,22,15,20,20,11,26,20,19,18,21,Clark
,2013,16,19,19,20,37,23,10,25,27,24,18,21,Clark
,2014,10,12,19,16,18,32,22,34,32,28,19,19,Clark
,2015,19,10,19,25,30,25,23,29,24,26,16,21,Clark
,2016,16,17,11,31,30,28,24,14,25,26,18,18,Clark
,2017,15,19,23,26,25,35,25,40,31,36,32,23,Clark
,2018,19,11,24,25,31,24,28,30,21,31,20,21,Clark
,2019,11,19,10,20,27,23,29,31,28,34,29,19,Clark
,2020,16,9,16,23,20,34,41,33,33,48,19,26,Clark
,2021,21,24,26,30,34,31,45,36,28,35,44,28,Clark
,2022,24,16,21,18,31,40,31,41,38,24,16,21,Clark
,2023,17,9,23,19,17,36,16,32,21,18,23,21,Clark
,2024,17,13,19,15,28,29,31,27,15,0,0,0,Clark
,2007,4,3,2,17,38,53,27,37,40,33,28,14,Calumet
,2008,14,14,4,9,6,4,6,11,5,8,3,8,Calumet
,2009,7,5,2,10,9,9,10,14,13,10,8,3,Calumet
,2010,6,6,7,15,15,27,27,18,23,35,18,28,Calumet
,2011,13,18,22,35,30,48,46,30,36,32,24,32,Calumet
,2012,29,23,47,37,46,61,35,38,58,40,40,30,Calumet
,2013,22,34,49,41,61,78,53,59,55,49,57,31,Calumet
,2014,32,19,42,52,77,63,39,84,47,43,36,41,Calumet
,2015,35,28,59,42,100,90,91,79,68,56,30,46,Calumet
,2016,35,35,44,100,81,91,88,68,80,68,72,56,Calumet
,2017,39,26,46,61,73,93,72,79,69,69,71,42,Calumet
,2018,43,36,81,55,73,103,59,80,54,69,69,37,Calumet
,2019,37,36,61,66,79,92,69,82,54,71,64,57,Calumet
,2020,53,27,58,64,52,80,79,81,57,77,50,49,Calumet
,2021,41,30,52,38,57,91,79,81,67,86,74,61,Calumet
,2022,33,22,49,53,64,76,74,78,71,70,49,48,Calumet
,2023,22,21,43,38,48,57,57,58,56,59,48,45,Calumet
,2024,30,19,41,33,52,60,54,49,44,0,0,0,Calumet
,2007,589,645,818,835,1006,1121,909,938,654,698,655,487,Milwaukee
,2008,418,490,620,678,805,862,869,841,709,649,521,531,Milwaukee
,2009,379,469,620,745,813,964,950,920,751,875,834,484,Milwaukee
,2010,345,448,757,996,931,922,504,538,508,446,436,460,Milwaukee
,2011,402,413,631,653,706,779,696,758,674,599,543,588,Milwaukee
,2012,465,488,739,918,887,998,903,864,711,764,644,652,Milwaukee
,2013,526,594,827,893,1014,997,1031,972,846,802,641,698,Milwaukee
,2014,519,546,722,840,965,1037,1067,969,825,807,599,692,Milwaukee
,2015,504,511,875,881,976,1196,1138,1011,903,826,659,790,Milwaukee
,2016,551,556,848,1051,1174,1367,1200,1117,1010,879,809,758,Milwaukee
,2017,591,559,911,1012,1225,1379,1132,1144,980,989,873,776,Milwaukee
,2018,630,623,966,1064,1224,1266,1181,1160,913,886,838,691,Milwaukee
,2019,595,620,822,992,1186,1160,1221,1137,947,991,882,800,Milwaukee
,2020,638,645,916,900,846,1052,1261,1212,1297,1294,1081,1077,Milwaukee
,2021,728,712,986,1116,1236,1376,1431,1378,1248,1226,1129,1189,Milwaukee
,2022,772,758,1064,1085,1203,1300,1166,1181,1037,880,786,765,Milwaukee
,2023,507,557,699,722,931,975,927,959,869,951,818,701,Milwaukee
,2024,547,611,737,901,1003,930,924,894,780,0,0,0,Milwaukee
